dataset_version,label,family,split,source,file_title,source_url,image_url,original_url,sha1,mime,width,height,license,license_url,artist,credit,query,review_status
wikimedia-pilot-v0.1,analog_mechanical,analog_clock,train,Wikimedia Commons,File:24 hour clock face in Santa Maria dei Servi.jpg,https://commons.wikimedia.org/wiki/File:24_hour_clock_face_in_Santa_Maria_dei_Servi.jpg,https://upload.wikimedia.org/wikipedia/commons/thumb/2/26/24_hour_clock_face_in_Santa_Maria_dei_Servi.jpg/960px-24_hour_clock_face_in_Santa_Maria_dei_Servi.jpg,https://upload.wikimedia.org/wikipedia/commons/2/26/24_hour_clock_face_in_Santa_Maria_dei_Servi.jpg,6fa74c6eba7ce37542ac83f5d6bc8d71907b639d,image/jpeg,2736,3648,CC BY-SA 3.0,https://creativecommons.org/licenses/by-sa/3.0,Andrewrabbott,Own work,analog clock dial -digital,weak-label-needs-review
wikimedia-pilot-v0.1,analog_mechanical,analog_clock,train,Wikimedia Commons,"File:Astronomical Clock, Prague.jpg","https://commons.wikimedia.org/wiki/File:Astronomical_Clock,_Prague.jpg",https://upload.wikimedia.org/wikipedia/commons/thumb/a/ad/Astronomical_Clock%2C_Prague.jpg/960px-Astronomical_Clock%2C_Prague.jpg,https://upload.wikimedia.org/wikipedia/commons/a/ad/Astronomical_Clock%2C_Prague.jpg,16d0745bec4c27a4c15b9bce4d9c84049d8ac9bf,image/jpeg,1861,1534,CC BY 2.0,https://creativecommons.org/licenses/by/2.0,Jay8085,"originally posted to Flickr as Astronomical Clock, Prague",analog clock dial -digital,weak-label-needs-review
wikimedia-pilot-v0.1,analog_mechanical,analog_clock,train,Wikimedia Commons,File:Detailed view of left half of Casio Edifice chronograph wristwatch.jpeg,https://commons.wikimedia.org/wiki/File:Detailed_view_of_left_half_of_Casio_Edifice_chronograph_wristwatch.jpeg,https://upload.wikimedia.org/wikipedia/commons/f/f1/Detailed_view_of_left_half_of_Casio_Edifice_chronograph_wristwatch.jpeg,https://upload.wikimedia.org/wikipedia/commons/f/f1/Detailed_view_of_left_half_of_Casio_Edifice_chronograph_wristwatch.jpeg,46ad26f8114fdbf9d9c966a3a046e04619bcf7ef,image/jpeg,886,1752,CC BY 3.0,https://creativecommons.org/licenses/by/3.0,Hamid Kashfi,Imported from 500px ( archived version ) by the Archive Team . ( detail page ),analog clock dial -digital,weak-label-needs-review
wikimedia-pilot-v0.1,analog_mechanical,analog_clock,train,Wikimedia Commons,File:Detailed view of right upper quadrant of Casio Edifice chronograph wristwatch.jpeg,https://commons.wikimedia.org/wiki/File:Detailed_view_of_right_upper_quadrant_of_Casio_Edifice_chronograph_wristwatch.jpeg,https://upload.wikimedia.org/wikipedia/commons/thumb/2/2c/Detailed_view_of_right_upper_quadrant_of_Casio_Edifice_chronograph_wristwatch.jpeg/960px-Detailed_view_of_right_upper_quadrant_of_Casio_Edifice_chronograph_wristwatch.jpeg,https://upload.wikimedia.org/wikipedia/commons/2/2c/Detailed_view_of_right_upper_quadrant_of_Casio_Edifice_chronograph_wristwatch.jpeg,236050337a0c2866134234d5ad83fcdce39e69c7,image/jpeg,1141,1098,CC BY 3.0,https://creativecommons.org/licenses/by/3.0,Hamid Kashfi,Imported from 500px ( archived version ) by the Archive Team . ( detail page ),analog clock dial -digital,weak-label-needs-review
wikimedia-pilot-v0.1,analog_mechanical,analog_clock,train,Wikimedia Commons,File:Glowing clockface indices of Citizen Diver's watch with depth gauge and Eco-Drive (cropped).jpg,https://commons.wikimedia.org/wiki/File:Glowing_clockface_indices_of_Citizen_Diver%27s_watch_with_depth_gauge_and_Eco-Drive_(cropped).jpg,https://upload.wikimedia.org/wikipedia/commons/6/6e/Glowing_clockface_indices_of_Citizen_Diver%27s_watch_with_depth_gauge_and_Eco-Drive_%28cropped%29.jpg,https://upload.wikimedia.org/wikipedia/commons/6/6e/Glowing_clockface_indices_of_Citizen_Diver%27s_watch_with_depth_gauge_and_Eco-Drive_%28cropped%29.jpg,f43abcfb665bffedcb23fb167715cb886a608274,image/jpeg,626,605,CC BY-SA 3.0 gr,https://creativecommons.org/licenses/by-sa/3.0/gr/deed.en,Naklig /,Own work ( Original text: έργο αυτού που το ανεβάζει ),analog clock dial -digital,weak-label-needs-review
wikimedia-pilot-v0.1,analog_mechanical,analog_clock,train,Wikimedia Commons,File:Hexadecimal Clock by Nystrom.jpg,https://commons.wikimedia.org/wiki/File:Hexadecimal_Clock_by_Nystrom.jpg,https://upload.wikimedia.org/wikipedia/commons/e/e6/Hexadecimal_Clock_by_Nystrom.jpg,https://upload.wikimedia.org/wikipedia/commons/e/e6/Hexadecimal_Clock_by_Nystrom.jpg,52a64def68d288a9657d239090a8d00e7607f25c,image/jpeg,525,537,Public domain,,John W. Nystrom,"Nystrom, John W.: ""Project of a New System of Arithmetic, Weight, Measure and Coins, Proposed to be Called the Tonal System, with Sixteen to the Base."" Philadelphia: J. B. Lippincott, 1862",analog clock dial -digital,weak-label-needs-review
wikimedia-pilot-v0.1,analog_mechanical,analog_clock,train,Wikimedia Commons,File:Lier Zimmertoren klok.JPG,https://commons.wikimedia.org/wiki/File:Lier_Zimmertoren_klok.JPG,https://upload.wikimedia.org/wikipedia/commons/thumb/c/cc/Lier_Zimmertoren_klok.JPG/960px-Lier_Zimmertoren_klok.JPG,https://upload.wikimedia.org/wikipedia/commons/c/cc/Lier_Zimmertoren_klok.JPG,8f48aa5cdbcf6bbca22581e89ef1794d386fdf4d,image/jpeg,3648,2736,CC BY-SA 3.0,https://creativecommons.org/licenses/by-sa/3.0,Ad Meskens,Own work,analog clock dial -digital,weak-label-needs-review
wikimedia-pilot-v0.1,analog_mechanical,analog_clock,train,Wikimedia Commons,File:Longcase clock with tidal dial.jpg,https://commons.wikimedia.org/wiki/File:Longcase_clock_with_tidal_dial.jpg,https://upload.wikimedia.org/wikipedia/commons/thumb/3/30/Longcase_clock_with_tidal_dial.jpg/960px-Longcase_clock_with_tidal_dial.jpg,https://upload.wikimedia.org/wikipedia/commons/3/30/Longcase_clock_with_tidal_dial.jpg,1d267a81b22c66ade9f6ab7ddf6640ebf55e23e0,image/jpeg,3550,5326,CC BY-SA 4.0,https://creativecommons.org/licenses/by-sa/4.0,andrewrabbott,Own work,analog clock dial -digital,weak-label-needs-review
wikimedia-pilot-v0.1,analog_mechanical,mechanical_typewriter,train,Wikimedia Commons,File:Bikepunk typewriter.jpg,https://commons.wikimedia.org/wiki/File:Bikepunk_typewriter.jpg,https://upload.wikimedia.org/wikipedia/commons/thumb/0/0a/Bikepunk_typewriter.jpg/960px-Bikepunk_typewriter.jpg,https://upload.wikimedia.org/wikipedia/commons/0/0a/Bikepunk_typewriter.jpg,a23d07f9772b1fd5172befe3315d4e0e2b9e8f02,image/jpeg,4096,3072,CC BY 4.0,https://creativecommons.org/licenses/by/4.0,Lioploum,Own work,mechanical typewriter,weak-label-needs-review
wikimedia-pilot-v0.1,analog_mechanical,mechanical_typewriter,train,Wikimedia Commons,File:Chimpanzee seated at typewriter.jpg,https://commons.wikimedia.org/wiki/File:Chimpanzee_seated_at_typewriter.jpg,https://upload.wikimedia.org/wikipedia/commons/thumb/3/3c/Chimpanzee_seated_at_typewriter.jpg/960px-Chimpanzee_seated_at_typewriter.jpg,https://upload.wikimedia.org/wikipedia/commons/3/3c/Chimpanzee_seated_at_typewriter.jpg,dcc56bc62a37fce38ba09a15c61972f0e327f8e8,image/jpeg,1028,818,Public domain,,New York Zoological Society,This file was derived from: Chimpanzee seated at a typewriter.tif :,mechanical typewriter,weak-label-needs-review
wikimedia-pilot-v0.1,analog_mechanical,mechanical_typewriter,train,Wikimedia Commons,File:Chinese typewriter 03.jpg,https://commons.wikimedia.org/wiki/File:Chinese_typewriter_03.jpg,https://upload.wikimedia.org/wikipedia/commons/thumb/b/b9/Chinese_typewriter_03.jpg/960px-Chinese_typewriter_03.jpg,https://upload.wikimedia.org/wikipedia/commons/b/b9/Chinese_typewriter_03.jpg,ea088cdaaae356df1b35992ab8561966d858dcc9,image/jpeg,4160,3120,CC BY-SA 4.0,https://creativecommons.org/licenses/by-sa/4.0,MatejK42,Own work,mechanical typewriter,weak-label-needs-review
wikimedia-pilot-v0.1,analog_mechanical,mechanical_typewriter,train,Wikimedia Commons,"File:Consul mechanical typewriter in Třebíč, Třebíč District.jpg","https://commons.wikimedia.org/wiki/File:Consul_mechanical_typewriter_in_T%C5%99eb%C3%AD%C4%8D,_T%C5%99eb%C3%AD%C4%8D_District.jpg",https://upload.wikimedia.org/wikipedia/commons/thumb/8/89/Consul_mechanical_typewriter_in_T%C5%99eb%C3%AD%C4%8D%2C_T%C5%99eb%C3%AD%C4%8D_District.jpg/960px-Consul_mechanical_typewriter_in_T%C5%99eb%C3%AD%C4%8D%2C_T%C5%99eb%C3%AD%C4%8D_District.jpg,https://upload.wikimedia.org/wikipedia/commons/8/89/Consul_mechanical_typewriter_in_T%C5%99eb%C3%AD%C4%8D%2C_T%C5%99eb%C3%AD%C4%8D_District.jpg,ef951b9700bccf8125d66368a84d28cde9b787c4,image/jpeg,3888,2592,CC BY 3.0,https://creativecommons.org/licenses/by/3.0,Jiří Sedláček (Frettie),Own work,mechanical typewriter,weak-label-needs-review
wikimedia-pilot-v0.1,analog_mechanical,mechanical_typewriter,train,Wikimedia Commons,"File:Consul typewriter in Třebíč, Třebíč District.jpg","https://commons.wikimedia.org/wiki/File:Consul_typewriter_in_T%C5%99eb%C3%AD%C4%8D,_T%C5%99eb%C3%AD%C4%8D_District.jpg",https://upload.wikimedia.org/wikipedia/commons/thumb/f/f8/Consul_typewriter_in_T%C5%99eb%C3%AD%C4%8D%2C_T%C5%99eb%C3%AD%C4%8D_District.jpg/960px-Consul_typewriter_in_T%C5%99eb%C3%AD%C4%8D%2C_T%C5%99eb%C3%AD%C4%8D_District.jpg,https://upload.wikimedia.org/wikipedia/commons/f/f8/Consul_typewriter_in_T%C5%99eb%C3%AD%C4%8D%2C_T%C5%99eb%C3%AD%C4%8D_District.jpg,539e51fdf6a86b4c893f5b281512006326aafb0a,image/jpeg,3888,2592,CC BY 3.0,https://creativecommons.org/licenses/by/3.0,Frettie,Own work,mechanical typewriter,weak-label-needs-review
wikimedia-pilot-v0.1,analog_mechanical,mechanical_typewriter,train,Wikimedia Commons,File:Continental typewriter 01.jpg,https://commons.wikimedia.org/wiki/File:Continental_typewriter_01.jpg,https://upload.wikimedia.org/wikipedia/commons/thumb/f/f5/Continental_typewriter_01.jpg/960px-Continental_typewriter_01.jpg,https://upload.wikimedia.org/wikipedia/commons/f/f5/Continental_typewriter_01.jpg,8fbf5986005593c0ad3d6bda5d06643b0e2ef6f5,image/jpeg,3574,2432,CC BY-SA 4.0,https://creativecommons.org/licenses/by-sa/4.0,Agaath,Own work,mechanical typewriter,weak-label-needs-review
wikimedia-pilot-v0.1,analog_mechanical,mechanical_typewriter,train,Wikimedia Commons,File:Cyrillic typewriter. Tashkent. Yangiobod bazar 01.jpg,https://commons.wikimedia.org/wiki/File:Cyrillic_typewriter._Tashkent._Yangiobod_bazar_01.jpg,https://upload.wikimedia.org/wikipedia/commons/thumb/7/7c/Cyrillic_typewriter._Tashkent._Yangiobod_bazar_01.jpg/960px-Cyrillic_typewriter._Tashkent._Yangiobod_bazar_01.jpg,https://upload.wikimedia.org/wikipedia/commons/7/7c/Cyrillic_typewriter._Tashkent._Yangiobod_bazar_01.jpg,a1c9c62a84e16796ea2661536474d388f686e692,image/jpeg,5712,4284,CC BY-SA 4.0,https://creativecommons.org/licenses/by-sa/4.0,Jamshid Nurkulov,Own work,mechanical typewriter,weak-label-needs-review
wikimedia-pilot-v0.1,analog_mechanical,mechanical_typewriter,train,Wikimedia Commons,File:Cyrillic typewriter. Tashkent. Yangiobod bazar 02.jpg,https://commons.wikimedia.org/wiki/File:Cyrillic_typewriter._Tashkent._Yangiobod_bazar_02.jpg,https://upload.wikimedia.org/wikipedia/commons/thumb/0/09/Cyrillic_typewriter._Tashkent._Yangiobod_bazar_02.jpg/960px-Cyrillic_typewriter._Tashkent._Yangiobod_bazar_02.jpg,https://upload.wikimedia.org/wikipedia/commons/0/09/Cyrillic_typewriter._Tashkent._Yangiobod_bazar_02.jpg,2a6d82e2f96b8bcd460e1c0c115cb5c8a19ea84d,image/jpeg,5712,4284,CC BY-SA 4.0,https://creativecommons.org/licenses/by-sa/4.0,Jamshid Nurkulov,Own work,mechanical typewriter,weak-label-needs-review
wikimedia-pilot-v0.1,analog_mechanical,gramophone,train,Wikimedia Commons,File:1920s street gramophone player.jpg,https://commons.wikimedia.org/wiki/File:1920s_street_gramophone_player.jpg,https://upload.wikimedia.org/wikipedia/commons/0/01/1920s_street_gramophone_player.jpg,https://upload.wikimedia.org/wikipedia/commons/0/01/1920s_street_gramophone_player.jpg,082bd5d41719acc63a30dc48ffe863f6d8bdadd0,image/jpeg,602,640,Public domain,,Unknown photographer,[1] / [2],gramophone phonograph,weak-label-needs-review
wikimedia-pilot-v0.1,analog_mechanical,gramophone,train,Wikimedia Commons,File:A young woman plays a gramophone in an air raid shelter in north London during 1940. D1631.jpg,https://commons.wikimedia.org/wiki/File:A_young_woman_plays_a_gramophone_in_an_air_raid_shelter_in_north_London_during_1940._D1631.jpg,https://upload.wikimedia.org/wikipedia/commons/thumb/0/0c/A_young_woman_plays_a_gramophone_in_an_air_raid_shelter_in_north_London_during_1940._D1631.jpg/960px-A_young_woman_plays_a_gramophone_in_an_air_raid_shelter_in_north_London_during_1940._D1631.jpg,https://upload.wikimedia.org/wikipedia/commons/0/0c/A_young_woman_plays_a_gramophone_in_an_air_raid_shelter_in_north_London_during_1940._D1631.jpg,8dde69db3dab478e49ce76aee29680bd5073f3f7,image/jpeg,1640,2480,Public domain,,Ministry of Information Photo Division Photographer,http://media.iwm.org.uk/iwm/mediaLib//38/media-38874/large.jpg This photograph D 1631 comes from the collections of the Imperial War Museums .,gramophone phonograph,weak-label-needs-review
wikimedia-pilot-v0.1,analog_mechanical,gramophone,train,Wikimedia Commons,"File:Academy Gramophone, top open.jpg","https://commons.wikimedia.org/wiki/File:Academy_Gramophone,_top_open.jpg",https://upload.wikimedia.org/wikipedia/commons/thumb/6/65/Academy_Gramophone%2C_top_open.jpg/960px-Academy_Gramophone%2C_top_open.jpg,https://upload.wikimedia.org/wikipedia/commons/6/65/Academy_Gramophone%2C_top_open.jpg,dcc38c4f72030f17ed3645f2e2ddf078dd9dd7d4,image/jpeg,3846,5129,CC BY-SA 4.0,https://creativecommons.org/licenses/by-sa/4.0,Infrogmation of New Orleans,Own work,gramophone phonograph,weak-label-needs-review
wikimedia-pilot-v0.1,analog_mechanical,gramophone,train,Wikimedia Commons,"File:An old gramophone at Dilli Haat, New Delhi.jpg","https://commons.wikimedia.org/wiki/File:An_old_gramophone_at_Dilli_Haat,_New_Delhi.jpg",https://upload.wikimedia.org/wikipedia/commons/thumb/2/26/An_old_gramophone_at_Dilli_Haat%2C_New_Delhi.jpg/960px-An_old_gramophone_at_Dilli_Haat%2C_New_Delhi.jpg,https://upload.wikimedia.org/wikipedia/commons/2/26/An_old_gramophone_at_Dilli_Haat%2C_New_Delhi.jpg,d2886458344e1df6311e6247deb8a4aabff656c7,image/jpeg,6000,4000,CC BY-SA 4.0,https://creativecommons.org/licenses/by-sa/4.0,Slyronit,Own work,gramophone phonograph,weak-label-needs-review
wikimedia-pilot-v0.1,analog_mechanical,gramophone,train,Wikimedia Commons,File:Antique HMV gramophone- phonograph- record player.jpg,https://commons.wikimedia.org/wiki/File:Antique_HMV_gramophone-_phonograph-_record_player.jpg,https://upload.wikimedia.org/wikipedia/commons/thumb/b/b6/Antique_HMV_gramophone-_phonograph-_record_player.jpg/960px-Antique_HMV_gramophone-_phonograph-_record_player.jpg,https://upload.wikimedia.org/wikipedia/commons/b/b6/Antique_HMV_gramophone-_phonograph-_record_player.jpg,b2e3bac18d095b0ee503f60faec85c14526a3cb2,image/jpeg,2724,3857,CC0,http://creativecommons.org/publicdomain/zero/1.0/deed.en,Amitbalani,Own work,gramophone phonograph,weak-label-needs-review
wikimedia-pilot-v0.1,analog_mechanical,gramophone,train,Wikimedia Commons,"File:Antique phonographs exhibit, New Orleans October 2016 - 02.jpg","https://commons.wikimedia.org/wiki/File:Antique_phonographs_exhibit,_New_Orleans_October_2016_-_02.jpg",https://upload.wikimedia.org/wikipedia/commons/thumb/8/88/Antique_phonographs_exhibit%2C_New_Orleans_October_2016_-_02.jpg/960px-Antique_phonographs_exhibit%2C_New_Orleans_October_2016_-_02.jpg,https://upload.wikimedia.org/wikipedia/commons/8/88/Antique_phonographs_exhibit%2C_New_Orleans_October_2016_-_02.jpg,db423dba35eaf5fbb6da11b60a0a6f09f28c9266,image/jpeg,3888,5184,CC BY-SA 4.0,https://creativecommons.org/licenses/by-sa/4.0,Infrogmation,Own work,gramophone phonograph,weak-label-needs-review
wikimedia-pilot-v0.1,analog_mechanical,gramophone,train,Wikimedia Commons,"File:Antique phonographs exhibit, New Orleans October 2016 - 07.jpg","https://commons.wikimedia.org/wiki/File:Antique_phonographs_exhibit,_New_Orleans_October_2016_-_07.jpg",https://upload.wikimedia.org/wikipedia/commons/thumb/d/d2/Antique_phonographs_exhibit%2C_New_Orleans_October_2016_-_07.jpg/960px-Antique_phonographs_exhibit%2C_New_Orleans_October_2016_-_07.jpg,https://upload.wikimedia.org/wikipedia/commons/d/d2/Antique_phonographs_exhibit%2C_New_Orleans_October_2016_-_07.jpg,45599676d98df3901e309486c402cebc8d8c2f5b,image/jpeg,5184,3888,CC BY-SA 4.0,https://creativecommons.org/licenses/by-sa/4.0,Infrogmation,Own work,gramophone phonograph,weak-label-needs-review
wikimedia-pilot-v0.1,analog_mechanical,gramophone,train,Wikimedia Commons,File:Berliner Record Player in the Phono Museum.jpg,https://commons.wikimedia.org/wiki/File:Berliner_Record_Player_in_the_Phono_Museum.jpg,https://upload.wikimedia.org/wikipedia/commons/thumb/b/b2/Berliner_Record_Player_in_the_Phono_Museum.jpg/960px-Berliner_Record_Player_in_the_Phono_Museum.jpg,https://upload.wikimedia.org/wikipedia/commons/b/b2/Berliner_Record_Player_in_the_Phono_Museum.jpg,c6619b0ebab5f550ca4e2baeb4d3d9cfada44fdc,image/jpeg,4864,3648,CC0,http://creativecommons.org/publicdomain/zero/1.0/deed.en,DiscoA340,Own work,gramophone phonograph,weak-label-needs-review
wikimedia-pilot-v0.1,analog_mechanical,film_camera,train,Wikimedia Commons,File:2015 04 08 014 35mm camera Fuji Fujica Compact S.jpg,https://commons.wikimedia.org/wiki/File:2015_04_08_014_35mm_camera_Fuji_Fujica_Compact_S.jpg,https://upload.wikimedia.org/wikipedia/commons/thumb/4/45/2015_04_08_014_35mm_camera_Fuji_Fujica_Compact_S.jpg/960px-2015_04_08_014_35mm_camera_Fuji_Fujica_Compact_S.jpg,https://upload.wikimedia.org/wikipedia/commons/4/45/2015_04_08_014_35mm_camera_Fuji_Fujica_Compact_S.jpg,c2909fc9dcbba2f50f9be6e47a9487bcf1147a0e,image/jpeg,3074,2004,CC BY-SA 4.0,https://creativecommons.org/licenses/by-sa/4.0,Friedrich Haag,Self-photographed,35mm film camera,weak-label-needs-review
wikimedia-pilot-v0.1,analog_mechanical,film_camera,train,Wikimedia Commons,File:35mm film camera.jpg,https://commons.wikimedia.org/wiki/File:35mm_film_camera.jpg,https://upload.wikimedia.org/wikipedia/commons/thumb/3/3a/35mm_film_camera.jpg/960px-35mm_film_camera.jpg,https://upload.wikimedia.org/wikipedia/commons/3/3a/35mm_film_camera.jpg,5a3988f8d09078849c374d95b7fbd4b82a177507,image/jpeg,2828,2121,CC BY-SA 3.0,https://creativecommons.org/licenses/by-sa/3.0,Uberprutser,Own work,35mm film camera,weak-label-needs-review
wikimedia-pilot-v0.1,analog_mechanical,film_camera,train,Wikimedia Commons,File:35mm Film Label.jpg,https://commons.wikimedia.org/wiki/File:35mm_Film_Label.jpg,https://upload.wikimedia.org/wikipedia/commons/thumb/4/43/35mm_Film_Label.jpg/960px-35mm_Film_Label.jpg,https://upload.wikimedia.org/wikipedia/commons/4/43/35mm_Film_Label.jpg,80ed6d914274b5ff2c8b20df9634ae02c67f709a,image/jpeg,3024,4032,CC BY-SA 4.0,https://creativecommons.org/licenses/by-sa/4.0,Moomooj,Own work,35mm film camera,weak-label-needs-review
wikimedia-pilot-v0.1,analog_mechanical,film_camera,train,Wikimedia Commons,File:An assortment of 35mm photographic film.jpg,https://commons.wikimedia.org/wiki/File:An_assortment_of_35mm_photographic_film.jpg,https://upload.wikimedia.org/wikipedia/commons/thumb/f/f8/An_assortment_of_35mm_photographic_film.jpg/960px-An_assortment_of_35mm_photographic_film.jpg,https://upload.wikimedia.org/wikipedia/commons/f/f8/An_assortment_of_35mm_photographic_film.jpg,6334d86ce77ad008a5c2800a69bac388683e5d98,image/jpeg,2310,1707,CC BY-SA 4.0,https://creativecommons.org/licenses/by-sa/4.0,Sgroey,Own work,35mm film camera,weak-label-needs-review
wikimedia-pilot-v0.1,analog_mechanical,film_camera,train,Wikimedia Commons,File:Argus C3 and Extra Viewfinder.jpg,https://commons.wikimedia.org/wiki/File:Argus_C3_and_Extra_Viewfinder.jpg,https://upload.wikimedia.org/wikipedia/commons/thumb/b/bd/Argus_C3_and_Extra_Viewfinder.jpg/960px-Argus_C3_and_Extra_Viewfinder.jpg,https://upload.wikimedia.org/wikipedia/commons/b/bd/Argus_C3_and_Extra_Viewfinder.jpg,1accd89bd56855459b27228189b40c0cef4ea734,image/jpeg,3024,4032,CC BY-SA 4.0,https://creativecommons.org/licenses/by-sa/4.0,책읽는달팽,Own work,35mm film camera,weak-label-needs-review
wikimedia-pilot-v0.1,analog_mechanical,film_camera,train,Wikimedia Commons,File:Argus C3.jpg,https://commons.wikimedia.org/wiki/File:Argus_C3.jpg,https://upload.wikimedia.org/wikipedia/commons/5/58/Argus_C3.jpg,https://upload.wikimedia.org/wikipedia/commons/5/58/Argus_C3.jpg,0fe03d81b55c9e55ae696927fd58dfacbc5e6695,image/jpeg,800,600,CC BY-SA 3.0,http://creativecommons.org/licenses/by-sa/3.0/,User Camerafiend on en.wikipedia,Photo by camerafiend .,35mm film camera,weak-label-needs-review
wikimedia-pilot-v0.1,analog_mechanical,film_camera,train,Wikimedia Commons,File:Bell and Howell 35mm wind up film camera. 1940's..jpg,https://commons.wikimedia.org/wiki/File:Bell_and_Howell_35mm_wind_up_film_camera._1940%27s..jpg,https://upload.wikimedia.org/wikipedia/commons/9/98/Bell_and_Howell_35mm_wind_up_film_camera._1940%27s..jpg,https://upload.wikimedia.org/wikipedia/commons/9/98/Bell_and_Howell_35mm_wind_up_film_camera._1940%27s..jpg,f9b0cf1dee74078b0914fdc51c1ce3b8b84d8b07,image/jpeg,683,1024,CC BY-SA 4.0,https://creativecommons.org/licenses/by-sa/4.0,YellowFratello,Own work,35mm film camera,weak-label-needs-review
wikimedia-pilot-v0.1,analog_mechanical,film_camera,train,Wikimedia Commons,File:Calypso 5r.jpg,https://commons.wikimedia.org/wiki/File:Calypso_5r.jpg,https://upload.wikimedia.org/wikipedia/commons/e/ea/Calypso_5r.jpg,https://upload.wikimedia.org/wikipedia/commons/e/ea/Calypso_5r.jpg,541260c7f804e516139b20116b97a4e726d8bb1a,image/jpeg,768,576,CC BY 3.0,https://creativecommons.org/licenses/by/3.0,La glutte,Own work,35mm film camera,weak-label-needs-review
wikimedia-pilot-v0.1,analog_mechanical,manual_sewing_machine,validation,Wikimedia Commons,File:A Vesta Fiddlebase from the Warren Collection of Antique Sewing Machines.jpg,https://commons.wikimedia.org/wiki/File:A_Vesta_Fiddlebase_from_the_Warren_Collection_of_Antique_Sewing_Machines.jpg,https://upload.wikimedia.org/wikipedia/commons/thumb/9/97/A_Vesta_Fiddlebase_from_the_Warren_Collection_of_Antique_Sewing_Machines.jpg/960px-A_Vesta_Fiddlebase_from_the_Warren_Collection_of_Antique_Sewing_Machines.jpg,https://upload.wikimedia.org/wikipedia/commons/9/97/A_Vesta_Fiddlebase_from_the_Warren_Collection_of_Antique_Sewing_Machines.jpg,1cc7e45685741bc189374a7d23b31d0753292f95,image/jpeg,2945,1820,CC BY-SA 4.0,https://creativecommons.org/licenses/by-sa/4.0,Panjigally,Own work,antique sewing machine,weak-label-needs-review
wikimedia-pilot-v0.1,analog_mechanical,manual_sewing_machine,validation,Wikimedia Commons,File:Algarve - Silves - sewing machines display (25708274852).jpg,https://commons.wikimedia.org/wiki/File:Algarve_-_Silves_-_sewing_machines_display_(25708274852).jpg,https://upload.wikimedia.org/wikipedia/commons/thumb/a/a2/Algarve_-_Silves_-_sewing_machines_display_%2825708274852%29.jpg/960px-Algarve_-_Silves_-_sewing_machines_display_%2825708274852%29.jpg,https://upload.wikimedia.org/wikipedia/commons/a/a2/Algarve_-_Silves_-_sewing_machines_display_%2825708274852%29.jpg,430d5857b6830d209bc4597a20290224e2279d93,image/jpeg,3648,2736,CC BY 2.0,https://creativecommons.org/licenses/by/2.0,"muffinn from Worcester, UK",Algarve - Silves - sewing machines display,antique sewing machine,weak-label-needs-review
wikimedia-pilot-v0.1,analog_mechanical,manual_sewing_machine,validation,Wikimedia Commons,File:Antique Asian sewing machine (27859070563).jpg,https://commons.wikimedia.org/wiki/File:Antique_Asian_sewing_machine_(27859070563).jpg,https://upload.wikimedia.org/wikipedia/commons/thumb/7/78/Antique_Asian_sewing_machine_%2827859070563%29.jpg/960px-Antique_Asian_sewing_machine_%2827859070563%29.jpg,https://upload.wikimedia.org/wikipedia/commons/7/78/Antique_Asian_sewing_machine_%2827859070563%29.jpg,dac9dbb02db29a4bf8d4464f9bb68c8720feca21,image/jpeg,3648,5472,CC BY 2.0,https://creativecommons.org/licenses/by/2.0,Thomas Quine,Antique Asian sewing machine,antique sewing machine,weak-label-needs-review
wikimedia-pilot-v0.1,analog_mechanical,manual_sewing_machine,validation,Wikimedia Commons,File:Antique electrical sewing machine (28605356195).jpg,https://commons.wikimedia.org/wiki/File:Antique_electrical_sewing_machine_(28605356195).jpg,https://upload.wikimedia.org/wikipedia/commons/thumb/e/ed/Antique_electrical_sewing_machine_%2828605356195%29.jpg/960px-Antique_electrical_sewing_machine_%2828605356195%29.jpg,https://upload.wikimedia.org/wikipedia/commons/e/ed/Antique_electrical_sewing_machine_%2828605356195%29.jpg,a86b0d12ac64c966bd7c30b80ab6df238294db2a,image/jpeg,5472,3648,CC BY 2.0,https://creativecommons.org/licenses/by/2.0,Thomas Quine,Antique electrical sewing machine,antique sewing machine,weak-label-needs-review
wikimedia-pilot-v0.1,analog_mechanical,manual_sewing_machine,validation,Wikimedia Commons,File:Antique Husqvarna sewing machine (44201160084).jpg,https://commons.wikimedia.org/wiki/File:Antique_Husqvarna_sewing_machine_(44201160084).jpg,https://upload.wikimedia.org/wikipedia/commons/thumb/5/56/Antique_Husqvarna_sewing_machine_%2844201160084%29.jpg/960px-Antique_Husqvarna_sewing_machine_%2844201160084%29.jpg,https://upload.wikimedia.org/wikipedia/commons/5/56/Antique_Husqvarna_sewing_machine_%2844201160084%29.jpg,3e08fbb843fca0f7c02d6b0d2da6cf473c57e6b9,image/jpeg,5472,3648,CC BY 2.0,https://creativecommons.org/licenses/by/2.0,Thomas Quine,Antique Husqvarna sewing machine,antique sewing machine,weak-label-needs-review
wikimedia-pilot-v0.1,analog_mechanical,manual_sewing_machine,validation,Wikimedia Commons,File:Antique leather sewing machine (42383795960).jpg,https://commons.wikimedia.org/wiki/File:Antique_leather_sewing_machine_(42383795960).jpg,https://upload.wikimedia.org/wikipedia/commons/thumb/d/df/Antique_leather_sewing_machine_%2842383795960%29.jpg/960px-Antique_leather_sewing_machine_%2842383795960%29.jpg,https://upload.wikimedia.org/wikipedia/commons/d/df/Antique_leather_sewing_machine_%2842383795960%29.jpg,5b8b3107f19fcf445ba152cbf4564a3cd9428b94,image/jpeg,3648,5472,CC BY 2.0,https://creativecommons.org/licenses/by/2.0,Thomas Quine,Antique leather sewing machine,antique sewing machine,weak-label-needs-review
wikimedia-pilot-v0.1,analog_mechanical,manual_sewing_machine,validation,Wikimedia Commons,File:Antique leatherworker's sewing machine (49828606631).jpg,https://commons.wikimedia.org/wiki/File:Antique_leatherworker%27s_sewing_machine_(49828606631).jpg,https://upload.wikimedia.org/wikipedia/commons/thumb/7/77/Antique_leatherworker%27s_sewing_machine_%2849828606631%29.jpg/960px-Antique_leatherworker%27s_sewing_machine_%2849828606631%29.jpg,https://upload.wikimedia.org/wikipedia/commons/7/77/Antique_leatherworker%27s_sewing_machine_%2849828606631%29.jpg,cb3a30afa79f94721d60c9aac7bc9c23452da64e,image/jpeg,5472,3648,CC BY 2.0,https://creativecommons.org/licenses/by/2.0,Thomas Quine,Antique leatherworker's sewing machine,antique sewing machine,weak-label-needs-review
wikimedia-pilot-v0.1,analog_mechanical,manual_sewing_machine,validation,Wikimedia Commons,File:Antique sewing machine (22288137081).jpg,https://commons.wikimedia.org/wiki/File:Antique_sewing_machine_(22288137081).jpg,https://upload.wikimedia.org/wikipedia/commons/thumb/6/67/Antique_sewing_machine_%2822288137081%29.jpg/960px-Antique_sewing_machine_%2822288137081%29.jpg,https://upload.wikimedia.org/wikipedia/commons/6/67/Antique_sewing_machine_%2822288137081%29.jpg,bec354ac5c148c26641e6b5d9cddd34e68b87b80,image/jpeg,3648,2736,CC BY 2.0,https://creativecommons.org/licenses/by/2.0,Thomas Quine,Antique sewing machine,antique sewing machine,weak-label-needs-review
wikimedia-pilot-v0.1,analog_mechanical,mechanical_calculator,test,Wikimedia Commons,File:2019-08-04 Brunsviga mechanical calculator 2.jpg,https://commons.wikimedia.org/wiki/File:2019-08-04_Brunsviga_mechanical_calculator_2.jpg,https://upload.wikimedia.org/wikipedia/commons/thumb/7/78/2019-08-04_Brunsviga_mechanical_calculator_2.jpg/960px-2019-08-04_Brunsviga_mechanical_calculator_2.jpg,https://upload.wikimedia.org/wikipedia/commons/7/78/2019-08-04_Brunsviga_mechanical_calculator_2.jpg,887db3c868ab0249d74d7af59e2fbb3c03d90717,image/jpeg,4878,2978,CC BY-SA 4.0,https://creativecommons.org/licenses/by-sa/4.0,Maksym Kozlenko,Own work,mechanical calculator,weak-label-needs-review
wikimedia-pilot-v0.1,analog_mechanical,mechanical_calculator,test,Wikimedia Commons,File:2019-08-04 Brunsviga mechanical calculator.jpg,https://commons.wikimedia.org/wiki/File:2019-08-04_Brunsviga_mechanical_calculator.jpg,https://upload.wikimedia.org/wikipedia/commons/thumb/6/68/2019-08-04_Brunsviga_mechanical_calculator.jpg/960px-2019-08-04_Brunsviga_mechanical_calculator.jpg,https://upload.wikimedia.org/wikipedia/commons/6/68/2019-08-04_Brunsviga_mechanical_calculator.jpg,8944e3cc01675e71a39f8b1ffb5cd46640d036ef,image/jpeg,4018,3456,CC BY-SA 4.0,https://creativecommons.org/licenses/by-sa/4.0,Maksym Kozlenko,Own work,mechanical calculator,weak-label-needs-review
wikimedia-pilot-v0.1,analog_mechanical,mechanical_calculator,test,Wikimedia Commons,File:2019-08-04 Brunsviga Trinks mechanical calculator.jpg,https://commons.wikimedia.org/wiki/File:2019-08-04_Brunsviga_Trinks_mechanical_calculator.jpg,https://upload.wikimedia.org/wikipedia/commons/thumb/8/86/2019-08-04_Brunsviga_Trinks_mechanical_calculator.jpg/960px-2019-08-04_Brunsviga_Trinks_mechanical_calculator.jpg,https://upload.wikimedia.org/wikipedia/commons/8/86/2019-08-04_Brunsviga_Trinks_mechanical_calculator.jpg,00e3d2ae4e0f8f96d8427eca3a4c80c900a074e3,image/jpeg,4779,2474,CC BY-SA 4.0,https://creativecommons.org/licenses/by-sa/4.0,Maksym Kozlenko,Own work,mechanical calculator,weak-label-needs-review
wikimedia-pilot-v0.1,analog_mechanical,mechanical_calculator,test,Wikimedia Commons,File:2019-08-04 Hamann mechanical calculator.jpg,https://commons.wikimedia.org/wiki/File:2019-08-04_Hamann_mechanical_calculator.jpg,https://upload.wikimedia.org/wikipedia/commons/thumb/1/1c/2019-08-04_Hamann_mechanical_calculator.jpg/960px-2019-08-04_Hamann_mechanical_calculator.jpg,https://upload.wikimedia.org/wikipedia/commons/1/1c/2019-08-04_Hamann_mechanical_calculator.jpg,7823730083b079a8e70e32917c6bd3ab2e8c4f37,image/jpeg,4226,3185,CC BY-SA 4.0,https://creativecommons.org/licenses/by-sa/4.0,Maksym Kozlenko,Own work,mechanical calculator,weak-label-needs-review
wikimedia-pilot-v0.1,analog_mechanical,mechanical_calculator,test,Wikimedia Commons,File:2019-08-04 Mechanical calculator 1.jpg,https://commons.wikimedia.org/wiki/File:2019-08-04_Mechanical_calculator_1.jpg,https://upload.wikimedia.org/wikipedia/commons/thumb/6/67/2019-08-04_Mechanical_calculator_1.jpg/960px-2019-08-04_Mechanical_calculator_1.jpg,https://upload.wikimedia.org/wikipedia/commons/6/67/2019-08-04_Mechanical_calculator_1.jpg,ddf0e99c3ad63a42a4cd5e0e612a97cc0807dcc9,image/jpeg,3331,2947,CC BY-SA 4.0,https://creativecommons.org/licenses/by-sa/4.0,Maksym Kozlenko,Own work,mechanical calculator,weak-label-needs-review
wikimedia-pilot-v0.1,analog_mechanical,mechanical_calculator,test,Wikimedia Commons,File:2019-08-04 Mechanical calculator 2.jpg,https://commons.wikimedia.org/wiki/File:2019-08-04_Mechanical_calculator_2.jpg,https://upload.wikimedia.org/wikipedia/commons/thumb/2/28/2019-08-04_Mechanical_calculator_2.jpg/960px-2019-08-04_Mechanical_calculator_2.jpg,https://upload.wikimedia.org/wikipedia/commons/2/28/2019-08-04_Mechanical_calculator_2.jpg,a3de2347af885ea2ae9a6dae29d244580050ab2f,image/jpeg,4379,2682,CC BY-SA 4.0,https://creativecommons.org/licenses/by-sa/4.0,Maksym Kozlenko,Own work,mechanical calculator,weak-label-needs-review
wikimedia-pilot-v0.1,analog_mechanical,mechanical_calculator,test,Wikimedia Commons,File:2019-08-04 Mechanical calculator 3.jpg,https://commons.wikimedia.org/wiki/File:2019-08-04_Mechanical_calculator_3.jpg,https://upload.wikimedia.org/wikipedia/commons/thumb/9/9c/2019-08-04_Mechanical_calculator_3.jpg/960px-2019-08-04_Mechanical_calculator_3.jpg,https://upload.wikimedia.org/wikipedia/commons/9/9c/2019-08-04_Mechanical_calculator_3.jpg,b1df63e876c61d67759e5900344616009b734b02,image/jpeg,3690,2500,CC BY-SA 4.0,https://creativecommons.org/licenses/by-sa/4.0,Maksym Kozlenko,Own work,mechanical calculator,weak-label-needs-review
wikimedia-pilot-v0.1,analog_mechanical,mechanical_calculator,test,Wikimedia Commons,File:2019-08-04 Mechanical calculator Brunsviga 15.jpg,https://commons.wikimedia.org/wiki/File:2019-08-04_Mechanical_calculator_Brunsviga_15.jpg,https://upload.wikimedia.org/wikipedia/commons/thumb/0/0e/2019-08-04_Mechanical_calculator_Brunsviga_15.jpg/960px-2019-08-04_Mechanical_calculator_Brunsviga_15.jpg,https://upload.wikimedia.org/wikipedia/commons/0/0e/2019-08-04_Mechanical_calculator_Brunsviga_15.jpg,5fdce13829d590524b542003b2f75372c8dc13bd,image/jpeg,4538,2861,CC BY-SA 4.0,https://creativecommons.org/licenses/by-sa/4.0,Maksym Kozlenko,Own work,mechanical calculator,weak-label-needs-review
wikimedia-pilot-v0.1,digital_electronic,pocket_calculator,train,Wikimedia Commons,File:1982 or 1983 solar pocket calculator Canon LS 4 made in Japan.jpg,https://commons.wikimedia.org/wiki/File:1982_or_1983_solar_pocket_calculator_Canon_LS_4_made_in_Japan.jpg,https://upload.wikimedia.org/wikipedia/commons/thumb/6/62/1982_or_1983_solar_pocket_calculator_Canon_LS_4_made_in_Japan.jpg/960px-1982_or_1983_solar_pocket_calculator_Canon_LS_4_made_in_Japan.jpg,https://upload.wikimedia.org/wikipedia/commons/6/62/1982_or_1983_solar_pocket_calculator_Canon_LS_4_made_in_Japan.jpg,582a8073d19fde087419c6a5750fcc038062f5bd,image/jpeg,2988,2508,CC BY 4.0,https://creativecommons.org/licenses/by/4.0,R. Henrik Nilsson,Own work,pocket calculator,weak-label-needs-review
wikimedia-pilot-v0.1,digital_electronic,pocket_calculator,train,Wikimedia Commons,File:American M26.jpg,https://commons.wikimedia.org/wiki/File:American_M26.jpg,https://upload.wikimedia.org/wikipedia/commons/thumb/2/25/American_M26.jpg/960px-American_M26.jpg,https://upload.wikimedia.org/wikipedia/commons/2/25/American_M26.jpg,ee035a3d01fdd199068304c104d4fae2cf47bba4,image/jpeg,3690,4070,CC BY-SA 4.0,https://creativecommons.org/licenses/by-sa/4.0,Mister rf,Own work,pocket calculator,weak-label-needs-review
wikimedia-pilot-v0.1,digital_electronic,pocket_calculator,train,Wikimedia Commons,File:Aurora electronic calculator DT210 08.jpg,https://commons.wikimedia.org/wiki/File:Aurora_electronic_calculator_DT210_08.jpg,https://upload.wikimedia.org/wikipedia/commons/thumb/2/29/Aurora_electronic_calculator_DT210_08.jpg/960px-Aurora_electronic_calculator_DT210_08.jpg,https://upload.wikimedia.org/wikipedia/commons/2/29/Aurora_electronic_calculator_DT210_08.jpg,256a654f599671fdc0e45f07d57128a7c96969a7,image/jpeg,5184,2592,CC BY-SA 3.0,https://creativecommons.org/licenses/by-sa/3.0,Coyau,Own work,pocket calculator,weak-label-needs-review
wikimedia-pilot-v0.1,digital_electronic,pocket_calculator,train,Wikimedia Commons,File:Aurora electronic calculator DT210 09.jpg,https://commons.wikimedia.org/wiki/File:Aurora_electronic_calculator_DT210_09.jpg,https://upload.wikimedia.org/wikipedia/commons/thumb/d/d5/Aurora_electronic_calculator_DT210_09.jpg/960px-Aurora_electronic_calculator_DT210_09.jpg,https://upload.wikimedia.org/wikipedia/commons/d/d5/Aurora_electronic_calculator_DT210_09.jpg,f1d28da16a4a250c0db99814a3cb3bd4637d39bd,image/jpeg,5184,2592,CC BY-SA 3.0,https://creativecommons.org/licenses/by-sa/3.0,Coyau,Own work,pocket calculator,weak-label-needs-review
wikimedia-pilot-v0.1,digital_electronic,pocket_calculator,train,Wikimedia Commons,File:Calculator (2198497019).jpg,https://commons.wikimedia.org/wiki/File:Calculator_(2198497019).jpg,https://upload.wikimedia.org/wikipedia/commons/thumb/3/30/Calculator_%282198497019%29.jpg/960px-Calculator_%282198497019%29.jpg,https://upload.wikimedia.org/wikipedia/commons/3/30/Calculator_%282198497019%29.jpg,a08b6f8c9ade0d7098eb2ca615d812c5205083d3,image/jpeg,3456,2304,CC BY 2.0,https://creativecommons.org/licenses/by/2.0,flamingo331,calcolo,pocket calculator,weak-label-needs-review
wikimedia-pilot-v0.1,digital_electronic,pocket_calculator,train,Wikimedia Commons,File:Calculator (5639214967).jpg,https://commons.wikimedia.org/wiki/File:Calculator_(5639214967).jpg,https://upload.wikimedia.org/wikipedia/commons/thumb/c/cd/Calculator_%285639214967%29.jpg/960px-Calculator_%285639214967%29.jpg,https://upload.wikimedia.org/wikipedia/commons/c/cd/Calculator_%285639214967%29.jpg,40fbd8812148cb280257e28efa104848a692946c,image/jpeg,5184,3456,CC BY 2.0,https://creativecommons.org/licenses/by/2.0,jakeandlindsay,Calculator,pocket calculator,weak-label-needs-review
wikimedia-pilot-v0.1,digital_electronic,pocket_calculator,train,Wikimedia Commons,File:Calculator Adler 81S.jpg,https://commons.wikimedia.org/wiki/File:Calculator_Adler_81S.jpg,https://upload.wikimedia.org/wikipedia/commons/thumb/c/c7/Calculator_Adler_81S.jpg/960px-Calculator_Adler_81S.jpg,https://upload.wikimedia.org/wikipedia/commons/c/c7/Calculator_Adler_81S.jpg,77e9b9187af51d513dfe0fc6ac5a1bcbdccc5613,image/jpeg,2448,3264,CC BY-SA 3.0,https://creativecommons.org/licenses/by-sa/3.0,NJR ZA,Own work,pocket calculator,weak-label-needs-review
wikimedia-pilot-v0.1,digital_electronic,pocket_calculator,train,Wikimedia Commons,File:Calculator Karce KC-108 (1).jpg,https://commons.wikimedia.org/wiki/File:Calculator_Karce_KC-108_(1).jpg,https://upload.wikimedia.org/wikipedia/commons/thumb/f/fa/Calculator_Karce_KC-108_%281%29.jpg/960px-Calculator_Karce_KC-108_%281%29.jpg,https://upload.wikimedia.org/wikipedia/commons/f/fa/Calculator_Karce_KC-108_%281%29.jpg,5d99e57c3bb8f92b4fb25cc5ebdb2614369203d2,image/jpeg,1819,2003,CC BY-SA 3.0,https://creativecommons.org/licenses/by-sa/3.0,"I would appreciate being notified if you use my work outside Wikimedia. Do not copy this image illegally by ignoring the terms of the license below, as it is not in the public domain. If you would like special permission to use, license, or purchase the image please contact me to negotiate terms. More of my work can be found in my personal gallery .",Own work This photograph was taken with a Panasonic Lumix DMC-TZ5 This file was uploaded with Commonist .,pocket calculator,weak-label-needs-review
wikimedia-pilot-v0.1,digital_electronic,digital_clock,train,Wikimedia Commons,"File:""The alarm clock"" by Avery Hopwood LCCN98507320.jpg",https://commons.wikimedia.org/wiki/File:%22The_alarm_clock%22_by_Avery_Hopwood_LCCN98507320.jpg,https://upload.wikimedia.org/wikipedia/commons/thumb/0/00/%22The_alarm_clock%22_by_Avery_Hopwood_LCCN98507320.jpg/960px-%22The_alarm_clock%22_by_Avery_Hopwood_LCCN98507320.jpg,https://upload.wikimedia.org/wikipedia/commons/0/00/%22The_alarm_clock%22_by_Avery_Hopwood_LCCN98507320.jpg,985ee3a3f2c35c69a74f66eec837a847b0467567,image/jpeg,2771,4096,Public domain,,Work Projects Administration Poster Collection,Library of Congress Catalog: http://lccn.loc.gov/98507320 Image download: http://lcweb2.loc.gov/service/pnp/cph/3f00000/3f05000/3f05100/3f05146v.jpg Original url: http://hdl.loc.gov/loc.pnp/cph.3f05146,digital alarm clock,weak-label-needs-review
wikimedia-pilot-v0.1,digital_electronic,digital_clock,train,Wikimedia Commons,File:002 2020 04 21 Uhren fuer den Innenbereich.jpg,https://commons.wikimedia.org/wiki/File:002_2020_04_21_Uhren_fuer_den_Innenbereich.jpg,https://upload.wikimedia.org/wikipedia/commons/thumb/3/37/002_2020_04_21_Uhren_fuer_den_Innenbereich.jpg/960px-002_2020_04_21_Uhren_fuer_den_Innenbereich.jpg,https://upload.wikimedia.org/wikipedia/commons/3/37/002_2020_04_21_Uhren_fuer_den_Innenbereich.jpg,3aad1cda0aa0ec32e8a7c1c8761210e1fca50b08,image/jpeg,2143,2333,CC BY-SA 4.0,https://creativecommons.org/licenses/by-sa/4.0,Friedrich Haag,Self-photographed,digital alarm clock,weak-label-needs-review
wikimedia-pilot-v0.1,digital_electronic,digital_clock,train,Wikimedia Commons,File:12-hour digital clock radio.JPG,https://commons.wikimedia.org/wiki/File:12-hour_digital_clock_radio.JPG,https://upload.wikimedia.org/wikipedia/commons/thumb/2/24/12-hour_digital_clock_radio.JPG/960px-12-hour_digital_clock_radio.JPG,https://upload.wikimedia.org/wikipedia/commons/2/24/12-hour_digital_clock_radio.JPG,c5f223bd68aff40531d6a2ddeb64903578ee641c,image/jpeg,2048,1536,Public domain,,Zginder,Self-photographed,digital alarm clock,weak-label-needs-review
wikimedia-pilot-v0.1,digital_electronic,digital_clock,train,Wikimedia Commons,File:2019120303 Casio ProTrek PRW 60Y-1AER display alarm 2019.jpg,https://commons.wikimedia.org/wiki/File:2019120303_Casio_ProTrek_PRW_60Y-1AER_display_alarm_2019.jpg,https://upload.wikimedia.org/wikipedia/commons/thumb/6/6a/2019120303_Casio_ProTrek_PRW_60Y-1AER_display_alarm_2019.jpg/960px-2019120303_Casio_ProTrek_PRW_60Y-1AER_display_alarm_2019.jpg,https://upload.wikimedia.org/wikipedia/commons/6/6a/2019120303_Casio_ProTrek_PRW_60Y-1AER_display_alarm_2019.jpg,d09d94f1d4f86294520417f3be74de6abf34ba00,image/jpeg,6016,4000,CC BY-SA 4.0,https://creativecommons.org/licenses/by-sa/4.0,VSchagow,Own work,digital alarm clock,weak-label-needs-review
wikimedia-pilot-v0.1,digital_electronic,digital_clock,train,Wikimedia Commons,File:A digital alarm clock in Glasgow (cropped).jpg,https://commons.wikimedia.org/wiki/File:A_digital_alarm_clock_in_Glasgow_(cropped).jpg,https://upload.wikimedia.org/wikipedia/commons/thumb/4/43/A_digital_alarm_clock_in_Glasgow_%28cropped%29.jpg/960px-A_digital_alarm_clock_in_Glasgow_%28cropped%29.jpg,https://upload.wikimedia.org/wikipedia/commons/4/43/A_digital_alarm_clock_in_Glasgow_%28cropped%29.jpg,65804025e23a81f2f5e949105c8acb728d47473f,image/jpeg,1734,1500,CC BY-SA 4.0,https://creativecommons.org/licenses/by-sa/4.0,Tbatb,Own work,digital alarm clock,weak-label-needs-review
wikimedia-pilot-v0.1,digital_electronic,digital_clock,train,Wikimedia Commons,File:A digital alarm clock in Glasgow.jpg,https://commons.wikimedia.org/wiki/File:A_digital_alarm_clock_in_Glasgow.jpg,https://upload.wikimedia.org/wikipedia/commons/thumb/b/b9/A_digital_alarm_clock_in_Glasgow.jpg/960px-A_digital_alarm_clock_in_Glasgow.jpg,https://upload.wikimedia.org/wikipedia/commons/b/b9/A_digital_alarm_clock_in_Glasgow.jpg,e48b20d7a3bb8ef4bda7d911e1c8e6df2143faf2,image/jpeg,3257,2724,CC BY-SA 4.0,https://creativecommons.org/licenses/by-sa/4.0,Tbatb,Own work,digital alarm clock,weak-label-needs-review
wikimedia-pilot-v0.1,digital_electronic,digital_clock,train,Wikimedia Commons,File:A toddler in a high chair holding an alarm clock - DPLA - 2d85bd4f25f23112128db04fb76d2885.jpg,https://commons.wikimedia.org/wiki/File:A_toddler_in_a_high_chair_holding_an_alarm_clock_-_DPLA_-_2d85bd4f25f23112128db04fb76d2885.jpg,https://upload.wikimedia.org/wikipedia/commons/thumb/e/ef/A_toddler_in_a_high_chair_holding_an_alarm_clock_-_DPLA_-_2d85bd4f25f23112128db04fb76d2885.jpg/960px-A_toddler_in_a_high_chair_holding_an_alarm_clock_-_DPLA_-_2d85bd4f25f23112128db04fb76d2885.jpg,https://upload.wikimedia.org/wikipedia/commons/e/ef/A_toddler_in_a_high_chair_holding_an_alarm_clock_-_DPLA_-_2d85bd4f25f23112128db04fb76d2885.jpg,f90d1b714e96cca0eedc483f8517297485561d3a,image/jpeg,4413,6323,Public domain,,"Sanromá, John B., 1900-1997","This file was contributed to Wikimedia Commons by Boston Public Library as part of a cooperation project. The donation was facilitated by the Digital Public Library of America . Record in source catalog DPLA identifier: 2d85bd4f25f23112128db04fb76d2885 Boston Public Library identifier: Local other: 2A-22, 22_03_02A_022_0006",digital alarm clock,weak-label-needs-review
wikimedia-pilot-v0.1,digital_electronic,digital_clock,train,Wikimedia Commons,File:A toddler in a high chair holding an alarm clock - DPLA - 751ad4e2c089e4a5befd3b2c2e7b6237.jpg,https://commons.wikimedia.org/wiki/File:A_toddler_in_a_high_chair_holding_an_alarm_clock_-_DPLA_-_751ad4e2c089e4a5befd3b2c2e7b6237.jpg,https://upload.wikimedia.org/wikipedia/commons/thumb/c/cf/A_toddler_in_a_high_chair_holding_an_alarm_clock_-_DPLA_-_751ad4e2c089e4a5befd3b2c2e7b6237.jpg/960px-A_toddler_in_a_high_chair_holding_an_alarm_clock_-_DPLA_-_751ad4e2c089e4a5befd3b2c2e7b6237.jpg,https://upload.wikimedia.org/wikipedia/commons/c/cf/A_toddler_in_a_high_chair_holding_an_alarm_clock_-_DPLA_-_751ad4e2c089e4a5befd3b2c2e7b6237.jpg,7fad4dc688a6f8b8b60431203643d4c27a7a5c59,image/jpeg,4413,6323,Public domain,,"Sanromá, John B., 1900-1997","This file was contributed to Wikimedia Commons by Boston Public Library as part of a cooperation project. The donation was facilitated by the Digital Public Library of America . Record in source catalog DPLA identifier: 751ad4e2c089e4a5befd3b2c2e7b6237 Boston Public Library identifier: Local other: 2A-22, 22_03_02A_022_0005",digital alarm clock,weak-label-needs-review
wikimedia-pilot-v0.1,digital_electronic,digital_camera,train,Wikimedia Commons,File:12 MP digital camera - red.jpg,https://commons.wikimedia.org/wiki/File:12_MP_digital_camera_-_red.jpg,https://upload.wikimedia.org/wikipedia/commons/thumb/7/76/12_MP_digital_camera_-_red.jpg/960px-12_MP_digital_camera_-_red.jpg,https://upload.wikimedia.org/wikipedia/commons/7/76/12_MP_digital_camera_-_red.jpg,009ccf75136c6bddebadd3766022d95f681c984d,image/jpeg,1879,1151,CC0,http://creativecommons.org/publicdomain/zero/1.0/deed.en,Packer1028,Own work,compact digital camera,weak-label-needs-review
wikimedia-pilot-v0.1,digital_electronic,digital_camera,train,Wikimedia Commons,File:2008-02-07 a Sony digital compact camera.jpg,https://commons.wikimedia.org/wiki/File:2008-02-07_a_Sony_digital_compact_camera.jpg,https://upload.wikimedia.org/wikipedia/commons/thumb/9/96/2008-02-07_a_Sony_digital_compact_camera.jpg/960px-2008-02-07_a_Sony_digital_compact_camera.jpg,https://upload.wikimedia.org/wikipedia/commons/9/96/2008-02-07_a_Sony_digital_compact_camera.jpg,b5d55bdcfdf1303ecdabad41efc9755bad7da37d,image/jpeg,3888,2592,CC BY-SA 2.0,https://creativecommons.org/licenses/by-sa/2.0,Pascal Terjan,https://www.flickr.com/photos/cmoi/2305309898/,compact digital camera,weak-label-needs-review
wikimedia-pilot-v0.1,digital_electronic,digital_camera,train,Wikimedia Commons,File:2012-12-26 12-44-44-p7100-dcr-250.jpg,https://commons.wikimedia.org/wiki/File:2012-12-26_12-44-44-p7100-dcr-250.jpg,https://upload.wikimedia.org/wikipedia/commons/thumb/3/3d/2012-12-26_12-44-44-p7100-dcr-250.jpg/960px-2012-12-26_12-44-44-p7100-dcr-250.jpg,https://upload.wikimedia.org/wikipedia/commons/3/3d/2012-12-26_12-44-44-p7100-dcr-250.jpg,51df6591431833f227f41b3a6cbca11bf4e4dc14,image/jpeg,2531,2246,CC BY 3.0,https://creativecommons.org/licenses/by/3.0,Thomas Bresson,Own work,compact digital camera,weak-label-needs-review
wikimedia-pilot-v0.1,digital_electronic,digital_camera,train,Wikimedia Commons,File:A teacher of Baozhong Junior High School photographing with a compact digital camera 20120330.jpg,https://commons.wikimedia.org/wiki/File:A_teacher_of_Baozhong_Junior_High_School_photographing_with_a_compact_digital_camera_20120330.jpg,https://upload.wikimedia.org/wikipedia/commons/thumb/3/3c/A_teacher_of_Baozhong_Junior_High_School_photographing_with_a_compact_digital_camera_20120330.jpg/960px-A_teacher_of_Baozhong_Junior_High_School_photographing_with_a_compact_digital_camera_20120330.jpg,https://upload.wikimedia.org/wikipedia/commons/3/3c/A_teacher_of_Baozhong_Junior_High_School_photographing_with_a_compact_digital_camera_20120330.jpg,59c84697466c1c1e73e48420ea4aa3219f96d665,image/jpeg,1920,1278,CC BY 2.0,https://creativecommons.org/licenses/by/2.0,褒忠國中 雲端網,https://www.flickr.com/photos/pcjh/6891900104/,compact digital camera,weak-label-needs-review
wikimedia-pilot-v0.1,digital_electronic,digital_camera,train,Wikimedia Commons,File:Adapted Lens on Mirrorless Camera.jpg,https://commons.wikimedia.org/wiki/File:Adapted_Lens_on_Mirrorless_Camera.jpg,https://upload.wikimedia.org/wikipedia/commons/thumb/9/9d/Adapted_Lens_on_Mirrorless_Camera.jpg/960px-Adapted_Lens_on_Mirrorless_Camera.jpg,https://upload.wikimedia.org/wikipedia/commons/9/9d/Adapted_Lens_on_Mirrorless_Camera.jpg,0576ed02a81d366b53175861af0aeb77df94503f,image/jpeg,4209,3999,CC0,http://creativecommons.org/publicdomain/zero/1.0/deed.en,Hallo3800,Own work,compact digital camera,weak-label-needs-review
wikimedia-pilot-v0.1,digital_electronic,digital_camera,train,Wikimedia Commons,File:BELL+HOWELL Digital Camera.jpg,https://commons.wikimedia.org/wiki/File:BELL%2BHOWELL_Digital_Camera.jpg,https://upload.wikimedia.org/wikipedia/commons/thumb/d/d4/BELL%2BHOWELL_Digital_Camera.jpg/960px-BELL%2BHOWELL_Digital_Camera.jpg,https://upload.wikimedia.org/wikipedia/commons/d/d4/BELL%2BHOWELL_Digital_Camera.jpg,075cb28204a1f21c9ea1f80f959ad576f31ecf29,image/jpeg,3008,2232,CC BY-SA 4.0,https://creativecommons.org/licenses/by-sa/4.0,Indiana jo,Own work,compact digital camera,weak-label-needs-review
wikimedia-pilot-v0.1,digital_electronic,digital_camera,train,Wikimedia Commons,File:Bridge Camera at Bic Camera Namba1.jpg,https://commons.wikimedia.org/wiki/File:Bridge_Camera_at_Bic_Camera_Namba1.jpg,https://upload.wikimedia.org/wikipedia/commons/thumb/b/b8/Bridge_Camera_at_Bic_Camera_Namba1.jpg/960px-Bridge_Camera_at_Bic_Camera_Namba1.jpg,https://upload.wikimedia.org/wikipedia/commons/b/b8/Bridge_Camera_at_Bic_Camera_Namba1.jpg,886b578dd43264647b5469e70327a4060036ae10,image/jpeg,4320,3240,CC BY 4.0,https://creativecommons.org/licenses/by/4.0,Mr.ちゅらさん,Own work,compact digital camera,weak-label-needs-review
wikimedia-pilot-v0.1,digital_electronic,digital_camera,train,Wikimedia Commons,File:Canon EOS R5.jpg,https://commons.wikimedia.org/wiki/File:Canon_EOS_R5.jpg,https://upload.wikimedia.org/wikipedia/commons/thumb/8/88/Canon_EOS_R5.jpg/960px-Canon_EOS_R5.jpg,https://upload.wikimedia.org/wikipedia/commons/8/88/Canon_EOS_R5.jpg,619ddac79006a353fa5e36a71361889b7e6a030a,image/jpeg,5257,3505,CC BY-SA 4.0,https://creativecommons.org/licenses/by-sa/4.0,Harrison Jones,Own work,compact digital camera,weak-label-needs-review
wikimedia-pilot-v0.1,digital_electronic,remote_control,train,Wikimedia Commons,"File:1 EOD Regiment RLC, with Fire Service Rescue Crew and a CUTLASS Remote Controlled Vehicle MOD 45159566.jpg","https://commons.wikimedia.org/wiki/File:1_EOD_Regiment_RLC,_with_Fire_Service_Rescue_Crew_and_a_CUTLASS_Remote_Controlled_Vehicle_MOD_45159566.jpg",https://upload.wikimedia.org/wikipedia/commons/thumb/5/5c/1_EOD_Regiment_RLC%2C_with_Fire_Service_Rescue_Crew_and_a_CUTLASS_Remote_Controlled_Vehicle_MOD_45159566.jpg/960px-1_EOD_Regiment_RLC%2C_with_Fire_Service_Rescue_Crew_and_a_CUTLASS_Remote_Controlled_Vehicle_MOD_45159566.jpg,https://upload.wikimedia.org/wikipedia/commons/5/5c/1_EOD_Regiment_RLC%2C_with_Fire_Service_Rescue_Crew_and_a_CUTLASS_Remote_Controlled_Vehicle_MOD_45159566.jpg,7a6eb2ae7e0e3af96a2dabec6ced9a77f378559f,image/jpeg,3000,2002,OGL v1.0,http://NationalArchives.gov.uk/doc/open-government-licence/version/1/,CPL Jonathan Lee van Zyl,Photo http://www.defenceimagery.mod.uk/fotoweb/fwbin/download.dll/45153802.jpg Metadata source: http://www.defenceimagery.mod.uk/fotoweb/fwbin/fotoweb_isapi.dll/ArchiveAgent/5042/Search?FileInfo=1&amp;MetaData=1&amp;Search=45159566.jpg,electronic remote control,weak-label-needs-review
wikimedia-pilot-v0.1,digital_electronic,remote_control,train,Wikimedia Commons,File:AverMedia RM-RH Remote control (white background) edit.jpg,https://commons.wikimedia.org/wiki/File:AverMedia_RM-RH_Remote_control_(white_background)_edit.jpg,https://upload.wikimedia.org/wikipedia/commons/thumb/3/31/AverMedia_RM-RH_Remote_control_%28white_background%29_edit.jpg/960px-AverMedia_RM-RH_Remote_control_%28white_background%29_edit.jpg,https://upload.wikimedia.org/wikipedia/commons/3/31/AverMedia_RM-RH_Remote_control_%28white_background%29_edit.jpg,9492a9da646dc051ddbb8b7592a7ada89f7f681b,image/jpeg,2195,1464,CC BY-SA 3.0,http://creativecommons.org/licenses/by-sa/3.0/,"Taken by the uploader, w:es:Usuario:Barcex",Taken by w:es:Usuario:Barcex,electronic remote control,weak-label-needs-review
wikimedia-pilot-v0.1,digital_electronic,remote_control,train,Wikimedia Commons,File:AverMedia RM-RH Remote control.jpg,https://commons.wikimedia.org/wiki/File:AverMedia_RM-RH_Remote_control.jpg,https://upload.wikimedia.org/wikipedia/commons/thumb/a/a7/AverMedia_RM-RH_Remote_control.jpg/960px-AverMedia_RM-RH_Remote_control.jpg,https://upload.wikimedia.org/wikipedia/commons/a/a7/AverMedia_RM-RH_Remote_control.jpg,e767a6c0db739c7f2e4c918d6622f08b2cbddb09,image/jpeg,1918,1279,CC BY-SA 3.0,http://creativecommons.org/licenses/by-sa/3.0/,"Taken by the uploader, w:es:Usuario:Barcex","Taken by the uploader, w:es:Usuario:Barcex",electronic remote control,weak-label-needs-review
wikimedia-pilot-v0.1,digital_electronic,remote_control,train,Wikimedia Commons,File:Comag SL 25 (3) remote control.jpg,https://commons.wikimedia.org/wiki/File:Comag_SL_25_(3)_remote_control.jpg,https://upload.wikimedia.org/wikipedia/commons/thumb/c/c1/Comag_SL_25_%283%29_remote_control.jpg/960px-Comag_SL_25_%283%29_remote_control.jpg,https://upload.wikimedia.org/wikipedia/commons/c/c1/Comag_SL_25_%283%29_remote_control.jpg,a4fa191f51cf6c3f4739ebf13c4aeb1ff394098b,image/jpeg,2000,1000,CC BY-SA 4.0,https://creativecommons.org/licenses/by-sa/4.0,Reise Reise,Own work,electronic remote control,weak-label-needs-review
wikimedia-pilot-v0.1,digital_electronic,remote_control,train,Wikimedia Commons,File:CUTLASS Remote Controlled Vehicle and DAF LF of 1 EOD Regiment RLC at Didcot PowerStation. MOD 45159569.jpg,https://commons.wikimedia.org/wiki/File:CUTLASS_Remote_Controlled_Vehicle_and_DAF_LF_of_1_EOD_Regiment_RLC_at_Didcot_PowerStation._MOD_45159569.jpg,https://upload.wikimedia.org/wikipedia/commons/thumb/7/77/CUTLASS_Remote_Controlled_Vehicle_and_DAF_LF_of_1_EOD_Regiment_RLC_at_Didcot_PowerStation._MOD_45159569.jpg/960px-CUTLASS_Remote_Controlled_Vehicle_and_DAF_LF_of_1_EOD_Regiment_RLC_at_Didcot_PowerStation._MOD_45159569.jpg,https://upload.wikimedia.org/wikipedia/commons/7/77/CUTLASS_Remote_Controlled_Vehicle_and_DAF_LF_of_1_EOD_Regiment_RLC_at_Didcot_PowerStation._MOD_45159569.jpg,9add5627cacb11095963c8f9d4ebc2bc05e596a3,image/jpeg,3000,1841,OGL v1.0,http://NationalArchives.gov.uk/doc/open-government-licence/version/1/,CPL Jonathan Lee van Zyl,Photo http://www.defenceimagery.mod.uk/fotoweb/fwbin/download.dll/45153802.jpg Metadata source: http://www.defenceimagery.mod.uk/fotoweb/fwbin/fotoweb_isapi.dll/ArchiveAgent/5042/Search?FileInfo=1&amp;MetaData=1&amp;Search=45159569.jpg,electronic remote control,weak-label-needs-review
wikimedia-pilot-v0.1,digital_electronic,remote_control,train,Wikimedia Commons,File:Ha Ha Toy – Battery Operated Remote Control – Lantern Robot – Side.jpg,https://commons.wikimedia.org/wiki/File:Ha_Ha_Toy_%E2%80%93_Battery_Operated_Remote_Control_%E2%80%93_Lantern_Robot_%E2%80%93_Side.jpg,https://upload.wikimedia.org/wikipedia/commons/thumb/4/4e/Ha_Ha_Toy_%E2%80%93_Battery_Operated_Remote_Control_%E2%80%93_Lantern_Robot_%E2%80%93_Side.jpg/960px-Ha_Ha_Toy_%E2%80%93_Battery_Operated_Remote_Control_%E2%80%93_Lantern_Robot_%E2%80%93_Side.jpg,https://upload.wikimedia.org/wikipedia/commons/4/4e/Ha_Ha_Toy_%E2%80%93_Battery_Operated_Remote_Control_%E2%80%93_Lantern_Robot_%E2%80%93_Side.jpg,f89d1874c4eaad88a6f2af3de135e4e135d91f61,image/jpeg,3456,4608,CC BY-SA 3.0,https://creativecommons.org/licenses/by-sa/3.0,D J Shin,Own work,electronic remote control,weak-label-needs-review
wikimedia-pilot-v0.1,digital_electronic,remote_control,train,Wikimedia Commons,File:KÖNIG US8201 - ultrasonic remote control - main PCB.jpg,https://commons.wikimedia.org/wiki/File:K%C3%96NIG_US8201_-_ultrasonic_remote_control_-_main_PCB.jpg,https://upload.wikimedia.org/wikipedia/commons/thumb/d/d7/K%C3%96NIG_US8201_-_ultrasonic_remote_control_-_main_PCB.jpg/960px-K%C3%96NIG_US8201_-_ultrasonic_remote_control_-_main_PCB.jpg,https://upload.wikimedia.org/wikipedia/commons/d/d7/K%C3%96NIG_US8201_-_ultrasonic_remote_control_-_main_PCB.jpg,c250e927d5e945fbe3e067e1480a06f792b49188,image/jpeg,5680,4260,CC BY-SA 4.0,https://creativecommons.org/licenses/by-sa/4.0,Mister rf,Own work,electronic remote control,weak-label-needs-review
wikimedia-pilot-v0.1,digital_electronic,remote_control,train,Wikimedia Commons,File:KÖNIG US8201 - ultrasonic remote control - PCB solder side.jpg,https://commons.wikimedia.org/wiki/File:K%C3%96NIG_US8201_-_ultrasonic_remote_control_-_PCB_solder_side.jpg,https://upload.wikimedia.org/wikipedia/commons/thumb/c/c3/K%C3%96NIG_US8201_-_ultrasonic_remote_control_-_PCB_solder_side.jpg/960px-K%C3%96NIG_US8201_-_ultrasonic_remote_control_-_PCB_solder_side.jpg,https://upload.wikimedia.org/wikipedia/commons/c/c3/K%C3%96NIG_US8201_-_ultrasonic_remote_control_-_PCB_solder_side.jpg,35dd58f4ebd6cd00450d9ad56dcd7e62860ebebf,image/jpeg,4940,3430,CC BY-SA 4.0,https://creativecommons.org/licenses/by-sa/4.0,Mister rf,Own work,electronic remote control,weak-label-needs-review
wikimedia-pilot-v0.1,digital_electronic,digital_thermometer,validation,Wikimedia Commons,File:- Thermometer -.jpg,https://commons.wikimedia.org/wiki/File:-_Thermometer_-.jpg,https://upload.wikimedia.org/wikipedia/commons/thumb/b/b7/-_Thermometer_-.jpg/960px--_Thermometer_-.jpg,https://upload.wikimedia.org/wikipedia/commons/b/b7/-_Thermometer_-.jpg,af3a29e7561cd09d7b18f4e38ecbb54d3c7e1458,image/jpeg,2050,3074,CC BY 2.5,https://creativecommons.org/licenses/by/2.5,User:Nino Barbieri,Own work,digital thermometer,weak-label-needs-review
wikimedia-pilot-v0.1,digital_electronic,digital_thermometer,validation,Wikimedia Commons,File:2023 Czujnik temperatury i wilgotności Xiaomi (2).jpg,https://commons.wikimedia.org/wiki/File:2023_Czujnik_temperatury_i_wilgotno%C5%9Bci_Xiaomi_(2).jpg,https://upload.wikimedia.org/wikipedia/commons/thumb/d/dc/2023_Czujnik_temperatury_i_wilgotno%C5%9Bci_Xiaomi_%282%29.jpg/960px-2023_Czujnik_temperatury_i_wilgotno%C5%9Bci_Xiaomi_%282%29.jpg,https://upload.wikimedia.org/wikipedia/commons/d/dc/2023_Czujnik_temperatury_i_wilgotno%C5%9Bci_Xiaomi_%282%29.jpg,98a2ce5610c4a482ab3f25d4759663646bb9b94d,image/jpeg,4547,3496,CC BY-SA 4.0,https://creativecommons.org/licenses/by-sa/4.0,Jacek Halicki,Own work,digital thermometer,weak-label-needs-review
wikimedia-pilot-v0.1,digital_electronic,digital_thermometer,validation,Wikimedia Commons,File:2023 Termometr kuchenny.jpg,https://commons.wikimedia.org/wiki/File:2023_Termometr_kuchenny.jpg,https://upload.wikimedia.org/wikipedia/commons/thumb/4/48/2023_Termometr_kuchenny.jpg/960px-2023_Termometr_kuchenny.jpg,https://upload.wikimedia.org/wikipedia/commons/4/48/2023_Termometr_kuchenny.jpg,a85b624934bc0b2841be5ed71493f54ed86b9cc0,image/jpeg,4672,1885,CC BY-SA 4.0,https://creativecommons.org/licenses/by-sa/4.0,Jacek Halicki,Own work,digital thermometer,weak-label-needs-review
wikimedia-pilot-v0.1,digital_electronic,digital_thermometer,validation,Wikimedia Commons,File:20250827 thermometer Panewniki Franciscan monastery.jpg,https://commons.wikimedia.org/wiki/File:20250827_thermometer_Panewniki_Franciscan_monastery.jpg,https://upload.wikimedia.org/wikipedia/commons/thumb/f/fb/20250827_thermometer_Panewniki_Franciscan_monastery.jpg/960px-20250827_thermometer_Panewniki_Franciscan_monastery.jpg,https://upload.wikimedia.org/wikipedia/commons/f/fb/20250827_thermometer_Panewniki_Franciscan_monastery.jpg,74b3fd62b111e5cfbc24ba466a042a0ecc73387b,image/jpeg,3000,4000,CC BY 4.0,https://creativecommons.org/licenses/by/4.0,Abraham,Own work,digital thermometer,weak-label-needs-review
wikimedia-pilot-v0.1,digital_electronic,digital_thermometer,validation,Wikimedia Commons,File:20251108 thermometer Panewniki.jpg,https://commons.wikimedia.org/wiki/File:20251108_thermometer_Panewniki.jpg,https://upload.wikimedia.org/wikipedia/commons/thumb/b/b9/20251108_thermometer_Panewniki.jpg/960px-20251108_thermometer_Panewniki.jpg,https://upload.wikimedia.org/wikipedia/commons/b/b9/20251108_thermometer_Panewniki.jpg,d7af2678ab043723f5695f1ffded287f365fca23,image/jpeg,3000,4000,CC BY 4.0,https://creativecommons.org/licenses/by/4.0,Abraham,Own work,digital thermometer,weak-label-needs-review
wikimedia-pilot-v0.1,digital_electronic,digital_thermometer,validation,Wikimedia Commons,"File:A woman holds a digital thermometer, looking worried while wearing a soft robe.jpg","https://commons.wikimedia.org/wiki/File:A_woman_holds_a_digital_thermometer,_looking_worried_while_wearing_a_soft_robe.jpg",https://upload.wikimedia.org/wikipedia/commons/thumb/d/de/A_woman_holds_a_digital_thermometer%2C_looking_worried_while_wearing_a_soft_robe.jpg/960px-A_woman_holds_a_digital_thermometer%2C_looking_worried_while_wearing_a_soft_robe.jpg,https://upload.wikimedia.org/wikipedia/commons/d/de/A_woman_holds_a_digital_thermometer%2C_looking_worried_while_wearing_a_soft_robe.jpg,d37aee9083bef5ce3688547db4a92cc93df7fcc6,image/jpeg,6016,4016,CC BY 2.0,https://creativecommons.org/licenses/by/2.0,Shixart1985,Own work,digital thermometer,weak-label-needs-review
wikimedia-pilot-v0.1,digital_electronic,digital_thermometer,validation,Wikimedia Commons,File:Celsius Thermometer - Replica.jpg,https://commons.wikimedia.org/wiki/File:Celsius_Thermometer_-_Replica.jpg,https://upload.wikimedia.org/wikipedia/commons/thumb/1/1a/Celsius_Thermometer_-_Replica.jpg/960px-Celsius_Thermometer_-_Replica.jpg,https://upload.wikimedia.org/wikipedia/commons/1/1a/Celsius_Thermometer_-_Replica.jpg,e8cabbb430840e17950153cd7a30ceb31421d084,image/jpeg,2249,4000,CC BY 4.0,https://creativecommons.org/licenses/by/4.0,Tekniska museet,Tekniska museet,digital thermometer,weak-label-needs-review
wikimedia-pilot-v0.1,digital_electronic,digital_thermometer,validation,Wikimedia Commons,File:CelsiusKelvinThermometer.jpg,https://commons.wikimedia.org/wiki/File:CelsiusKelvinThermometer.jpg,https://upload.wikimedia.org/wikipedia/commons/thumb/2/22/CelsiusKelvinThermometer.jpg/960px-CelsiusKelvinThermometer.jpg,https://upload.wikimedia.org/wikipedia/commons/2/22/CelsiusKelvinThermometer.jpg,a86e3ad3e2e7ab615e43d4102ae466d5477e80fc,image/jpeg,2717,4729,CC BY-SA 3.0,https://creativecommons.org/licenses/by-sa/3.0,Martinvl,Own work,digital thermometer,weak-label-needs-review
wikimedia-pilot-v0.1,digital_electronic,portable_cd_player,test,Wikimedia Commons,"File:Akai APRC-90 portable radio cassette CD and MP3 player, with Bluetooth (edited, white background, V.3).jpg","https://commons.wikimedia.org/wiki/File:Akai_APRC-90_portable_radio_cassette_CD_and_MP3_player,_with_Bluetooth_(edited,_white_background,_V.3).jpg",https://upload.wikimedia.org/wikipedia/commons/thumb/d/d6/Akai_APRC-90_portable_radio_cassette_CD_and_MP3_player%2C_with_Bluetooth_%28edited%2C_white_background%2C_V.3%29.jpg/960px-Akai_APRC-90_portable_radio_cassette_CD_and_MP3_player%2C_with_Bluetooth_%28edited%2C_white_background%2C_V.3%29.jpg,https://upload.wikimedia.org/wikipedia/commons/d/d6/Akai_APRC-90_portable_radio_cassette_CD_and_MP3_player%2C_with_Bluetooth_%28edited%2C_white_background%2C_V.3%29.jpg,b455b6d406f19e96270b3bf5f18010305e0aff9d,image/jpeg,3600,2600,CC BY-SA 4.0,https://creativecommons.org/licenses/by-sa/4.0,Akai APRC-90.jpg : Rsocol derivative work: Pittigrilli,Own work,portable CD player,weak-label-needs-review
wikimedia-pilot-v0.1,digital_electronic,portable_cd_player,test,Wikimedia Commons,"File:Akai APRC-90 portable radio cassette CD player with Bluetooth (edited, white background).jpg","https://commons.wikimedia.org/wiki/File:Akai_APRC-90_portable_radio_cassette_CD_player_with_Bluetooth_(edited,_white_background).jpg",https://upload.wikimedia.org/wikipedia/commons/thumb/5/53/Akai_APRC-90_portable_radio_cassette_CD_player_with_Bluetooth_%28edited%2C_white_background%29.jpg/960px-Akai_APRC-90_portable_radio_cassette_CD_player_with_Bluetooth_%28edited%2C_white_background%29.jpg,https://upload.wikimedia.org/wikipedia/commons/5/53/Akai_APRC-90_portable_radio_cassette_CD_player_with_Bluetooth_%28edited%2C_white_background%29.jpg,e854d292bf5f0f393da4e07d4a99f36bdf96a557,image/jpeg,4000,3100,CC BY-SA 4.0,https://creativecommons.org/licenses/by-sa/4.0,Akai APRC-90.jpg : Rsocol derivative work: Pittigrilli,Own work,portable CD player,weak-label-needs-review
wikimedia-pilot-v0.1,digital_electronic,portable_cd_player,test,Wikimedia Commons,"File:AudioSonic CD player and radio, Hoogezand (2019) 01.jpg","https://commons.wikimedia.org/wiki/File:AudioSonic_CD_player_and_radio,_Hoogezand_(2019)_01.jpg",https://upload.wikimedia.org/wikipedia/commons/thumb/9/90/AudioSonic_CD_player_and_radio%2C_Hoogezand_%282019%29_01.jpg/960px-AudioSonic_CD_player_and_radio%2C_Hoogezand_%282019%29_01.jpg,https://upload.wikimedia.org/wikipedia/commons/9/90/AudioSonic_CD_player_and_radio%2C_Hoogezand_%282019%29_01.jpg,004df52afe149b9e01ef9fdac3a3bb07d2406fdf,image/jpeg,2736,4864,CC BY-SA 4.0,https://creativecommons.org/licenses/by-sa/4.0,Donald Trung Quoc Don (Chữ Hán: 徵國單) - Wikimedia Commons . ( Want to use this image? ),Own work,portable CD player,weak-label-needs-review
wikimedia-pilot-v0.1,digital_electronic,portable_cd_player,test,Wikimedia Commons,"File:AudioSonic CD player and radio, Hoogezand (2019) 02.jpg","https://commons.wikimedia.org/wiki/File:AudioSonic_CD_player_and_radio,_Hoogezand_(2019)_02.jpg",https://upload.wikimedia.org/wikipedia/commons/thumb/5/5c/AudioSonic_CD_player_and_radio%2C_Hoogezand_%282019%29_02.jpg/960px-AudioSonic_CD_player_and_radio%2C_Hoogezand_%282019%29_02.jpg,https://upload.wikimedia.org/wikipedia/commons/5/5c/AudioSonic_CD_player_and_radio%2C_Hoogezand_%282019%29_02.jpg,74e3cccd7b5f9a6c105ac3f6c884dab7f506e6b2,image/jpeg,4864,2736,CC BY-SA 4.0,https://creativecommons.org/licenses/by-sa/4.0,Donald Trung Quoc Don (Chữ Hán: 徵國單) - Wikimedia Commons . ( Want to use this image? ),Own work,portable CD player,weak-label-needs-review
wikimedia-pilot-v0.1,digital_electronic,portable_cd_player,test,Wikimedia Commons,File:Bow Technologies Wizard CD player (3556398853).jpg,https://commons.wikimedia.org/wiki/File:Bow_Technologies_Wizard_CD_player_(3556398853).jpg,https://upload.wikimedia.org/wikipedia/commons/1/1c/Bow_Technologies_Wizard_CD_player_%283556398853%29.jpg,https://upload.wikimedia.org/wikipedia/commons/1/1c/Bow_Technologies_Wizard_CD_player_%283556398853%29.jpg,f26cd45e42209240228f9e7eb8d8e2b47a749165,image/jpeg,900,600,CC BY 2.0,https://creativecommons.org/licenses/by/2.0,Christian Herzog,highend-243,portable CD player,weak-label-needs-review
wikimedia-pilot-v0.1,digital_electronic,portable_cd_player,test,Wikimedia Commons,File:Burmester CD player at HighEnd-2009 (3557313602).jpg,https://commons.wikimedia.org/wiki/File:Burmester_CD_player_at_HighEnd-2009_(3557313602).jpg,https://upload.wikimedia.org/wikipedia/commons/1/15/Burmester_CD_player_at_HighEnd-2009_%283557313602%29.jpg,https://upload.wikimedia.org/wikipedia/commons/1/15/Burmester_CD_player_at_HighEnd-2009_%283557313602%29.jpg,f0a8439a66433a0d38ef75f55e88ebd42c0b9e7e,image/jpeg,900,600,CC BY 2.0,https://creativecommons.org/licenses/by/2.0,Christian Herzog,highend-357,portable CD player,weak-label-needs-review
wikimedia-pilot-v0.1,digital_electronic,portable_cd_player,test,Wikimedia Commons,File:Bush portable CD player silver.jpg,https://commons.wikimedia.org/wiki/File:Bush_portable_CD_player_silver.jpg,https://upload.wikimedia.org/wikipedia/commons/a/a2/Bush_portable_CD_player_silver.jpg,https://upload.wikimedia.org/wikipedia/commons/a/a2/Bush_portable_CD_player_silver.jpg,cf57d9e1e7089b437732bf12a204c99cc4567c5d,image/jpeg,688,664,CC BY 4.0,https://creativecommons.org/licenses/by/4.0,Plaretyagain,Own work,portable CD player,weak-label-needs-review
wikimedia-pilot-v0.1,digital_electronic,portable_cd_player,test,Wikimedia Commons,File:CD Player (41561521645).jpg,https://commons.wikimedia.org/wiki/File:CD_Player_(41561521645).jpg,https://upload.wikimedia.org/wikipedia/commons/thumb/7/73/CD_Player_%2841561521645%29.jpg/960px-CD_Player_%2841561521645%29.jpg,https://upload.wikimedia.org/wikipedia/commons/7/73/CD_Player_%2841561521645%29.jpg,eb96da0361d8fcb17f2758d67509e2e825eea0d7,image/jpeg,5312,2988,CC BY 2.0,https://creativecommons.org/licenses/by/2.0,unmatched value,Cd Player,portable CD player,weak-label-needs-review
wikimedia-pilot-v0.1,software_controlled,smartphone,train,Wikimedia Commons,File:20151029 115836 iPhone 5.jpg,https://commons.wikimedia.org/wiki/File:20151029_115836_iPhone_5.jpg,https://upload.wikimedia.org/wikipedia/commons/thumb/5/51/20151029_115836_iPhone_5.jpg/960px-20151029_115836_iPhone_5.jpg,https://upload.wikimedia.org/wikipedia/commons/5/51/20151029_115836_iPhone_5.jpg,71843f154563069b56d552f005f8661bdea3668e,image/jpeg,2988,5312,CC BY-SA 4.0,https://creativecommons.org/licenses/by-sa/4.0,123TheBusHonolulu6969,Own work,smartphone touchscreen,weak-label-needs-review
wikimedia-pilot-v0.1,software_controlled,smartphone,train,Wikimedia Commons,File:Blackberry Storm (2).jpg,https://commons.wikimedia.org/wiki/File:Blackberry_Storm_(2).jpg,https://upload.wikimedia.org/wikipedia/commons/2/2c/Blackberry_Storm_%282%29.jpg,https://upload.wikimedia.org/wikipedia/commons/2/2c/Blackberry_Storm_%282%29.jpg,ae7945c647116b905499083377be9bcae76cf218,image/jpeg,480,360,CC BY-SA 4.0,https://creativecommons.org/licenses/by-sa/4.0,Joseph001,Own work,smartphone touchscreen,weak-label-needs-review
wikimedia-pilot-v0.1,software_controlled,smartphone,train,Wikimedia Commons,File:BlackBerryCurve&KEYone.png,https://commons.wikimedia.org/wiki/File:BlackBerryCurve%26KEYone.png,https://upload.wikimedia.org/wikipedia/commons/thumb/9/9a/BlackBerryCurve%26KEYone.png/960px-BlackBerryCurve%26KEYone.png,https://upload.wikimedia.org/wikipedia/commons/9/9a/BlackBerryCurve%26KEYone.png,954d2b79e1dc74fa71b15396059939a1df53f0af,image/png,2541,2342,CC BY-SA 4.0,https://creativecommons.org/licenses/by-sa/4.0,Azmie Kasmy,File:BB_Curve_(8520)_off_%26_BB_KEYone_LE_Black_(BBB100-7)_off.jpg,smartphone touchscreen,weak-label-needs-review
wikimedia-pilot-v0.1,software_controlled,smartphone,train,Wikimedia Commons,File:Comdex 1986.png,https://commons.wikimedia.org/wiki/File:Comdex_1986.png,https://upload.wikimedia.org/wikipedia/commons/thumb/5/5c/Comdex_1986.png/960px-Comdex_1986.png,https://upload.wikimedia.org/wikipedia/commons/5/5c/Comdex_1986.png,6470289435d0198b4d13dd7478170eff4ce2545f,image/png,1570,1060,CC BY-SA 3.0,https://creativecommons.org/licenses/by-sa/3.0,GeneMosher,Own work,smartphone touchscreen,weak-label-needs-review
wikimedia-pilot-v0.1,software_controlled,smartphone,train,Wikimedia Commons,File:Gesture control of PC in Intel Perceptual Computing Lab.jpg,https://commons.wikimedia.org/wiki/File:Gesture_control_of_PC_in_Intel_Perceptual_Computing_Lab.jpg,https://upload.wikimedia.org/wikipedia/commons/thumb/9/91/Gesture_control_of_PC_in_Intel_Perceptual_Computing_Lab.jpg/960px-Gesture_control_of_PC_in_Intel_Perceptual_Computing_Lab.jpg,https://upload.wikimedia.org/wikipedia/commons/9/91/Gesture_control_of_PC_in_Intel_Perceptual_Computing_Lab.jpg,917f0a48edead33ccfff6a23696a9dcd86ba1815,image/jpeg,1024,768,CC BY-SA 2.0,https://creativecommons.org/licenses/by-sa/2.0,Intel Free Press,https://www.flickr.com/photos/intelfreepress/8620882606/sizes/o/in/photostream/,smartphone touchscreen,weak-label-needs-review
wikimedia-pilot-v0.1,software_controlled,smartphone,train,Wikimedia Commons,File:Headset computer with phone as mouse.webp,https://commons.wikimedia.org/wiki/File:Headset_computer_with_phone_as_mouse.webp,https://upload.wikimedia.org/wikipedia/commons/thumb/5/59/Headset_computer_with_phone_as_mouse.webp/960px-Headset_computer_with_phone_as_mouse.webp.png,https://upload.wikimedia.org/wikipedia/commons/5/59/Headset_computer_with_phone_as_mouse.webp,f3da282e71957cfb7aa55940b6a9b8cb287a50fc,image/webp,3000,3000,CC0,http://creativecommons.org/publicdomain/zero/1.0/deed.en,Wikideas1,Own work designed with Sketchup and rendered with V-Ray,smartphone touchscreen,weak-label-needs-review
wikimedia-pilot-v0.1,software_controlled,smartphone,train,Wikimedia Commons,File:HTC One M8 (14868111437).jpg,https://commons.wikimedia.org/wiki/File:HTC_One_M8_(14868111437).jpg,https://upload.wikimedia.org/wikipedia/commons/thumb/7/74/HTC_One_M8_%2814868111437%29.jpg/960px-HTC_One_M8_%2814868111437%29.jpg,https://upload.wikimedia.org/wikipedia/commons/7/74/HTC_One_M8_%2814868111437%29.jpg,dafb4c034322bc967f6e9e5ae0bc8628debefb61,image/jpeg,5184,3456,CC BY 2.0,https://creativecommons.org/licenses/by/2.0,"Maurizio Pesce from Milan, Italia",HTC One M8,smartphone touchscreen,weak-label-needs-review
wikimedia-pilot-v0.1,software_controlled,smartphone,train,Wikimedia Commons,File:Intel Perceptual Computing Group piloting facial recognition app.jpg,https://commons.wikimedia.org/wiki/File:Intel_Perceptual_Computing_Group_piloting_facial_recognition_app.jpg,https://upload.wikimedia.org/wikipedia/commons/thumb/9/9b/Intel_Perceptual_Computing_Group_piloting_facial_recognition_app.jpg/960px-Intel_Perceptual_Computing_Group_piloting_facial_recognition_app.jpg,https://upload.wikimedia.org/wikipedia/commons/9/9b/Intel_Perceptual_Computing_Group_piloting_facial_recognition_app.jpg,b799b8c4822a1616c2979b6644cd43797a20ff87,image/jpeg,1024,768,CC BY-SA 2.0,https://creativecommons.org/licenses/by-sa/2.0,Intel Free Press,https://www.flickr.com/photos/intelfreepress/8619782163/sizes/o/in/photostream/,smartphone touchscreen,weak-label-needs-review
wikimedia-pilot-v0.1,software_controlled,tablet,train,Wikimedia Commons,File:2008Computex Best Choice Gigabyte MID M528.jpg,https://commons.wikimedia.org/wiki/File:2008Computex_Best_Choice_Gigabyte_MID_M528.jpg,https://upload.wikimedia.org/wikipedia/commons/thumb/8/87/2008Computex_Best_Choice_Gigabyte_MID_M528.jpg/960px-2008Computex_Best_Choice_Gigabyte_MID_M528.jpg,https://upload.wikimedia.org/wikipedia/commons/8/87/2008Computex_Best_Choice_Gigabyte_MID_M528.jpg,f7aed5d8ce96966598010b26340006a6afdad33a,image/jpeg,2048,1536,CC BY-SA 4.0,https://creativecommons.org/licenses/by-sa/4.0,Rico Shen,Own work,tablet computer touchscreen,weak-label-needs-review
wikimedia-pilot-v0.1,software_controlled,tablet,train,Wikimedia Commons,File:20251008 155626 T Phone 3 and T Tablet 2.jpg,https://commons.wikimedia.org/wiki/File:20251008_155626_T_Phone_3_and_T_Tablet_2.jpg,https://upload.wikimedia.org/wikipedia/commons/thumb/3/3b/20251008_155626_T_Phone_3_and_T_Tablet_2.jpg/960px-20251008_155626_T_Phone_3_and_T_Tablet_2.jpg,https://upload.wikimedia.org/wikipedia/commons/3/3b/20251008_155626_T_Phone_3_and_T_Tablet_2.jpg,25aecd8b31dcb97ba0fc7bb10020104479f2bf74,image/jpeg,4096,3072,Public domain,,WrS.tm.pl,Own work,tablet computer touchscreen,weak-label-needs-review
wikimedia-pilot-v0.1,software_controlled,tablet,train,Wikimedia Commons,File:Alcatel Pixi 3 (7) Tablet with LTE 9007X.jpg,https://commons.wikimedia.org/wiki/File:Alcatel_Pixi_3_(7)_Tablet_with_LTE_9007X.jpg,https://upload.wikimedia.org/wikipedia/commons/thumb/f/f6/Alcatel_Pixi_3_%287%29_Tablet_with_LTE_9007X.jpg/960px-Alcatel_Pixi_3_%287%29_Tablet_with_LTE_9007X.jpg,https://upload.wikimedia.org/wikipedia/commons/f/f6/Alcatel_Pixi_3_%287%29_Tablet_with_LTE_9007X.jpg,fff1880814e6dcf913460c8b8cdadc26957f6b96,image/jpeg,1626,2439,CC BY-SA 4.0,https://creativecommons.org/licenses/by-sa/4.0,Multicherry,Own work,tablet computer touchscreen,weak-label-needs-review
wikimedia-pilot-v0.1,software_controlled,tablet,train,Wikimedia Commons,File:Amazon Fire HD 8 2022 screen in factory settings.jpg,https://commons.wikimedia.org/wiki/File:Amazon_Fire_HD_8_2022_screen_in_factory_settings.jpg,https://upload.wikimedia.org/wikipedia/commons/thumb/0/0c/Amazon_Fire_HD_8_2022_screen_in_factory_settings.jpg/960px-Amazon_Fire_HD_8_2022_screen_in_factory_settings.jpg,https://upload.wikimedia.org/wikipedia/commons/0/0c/Amazon_Fire_HD_8_2022_screen_in_factory_settings.jpg,e7847bb85be6bb7f2c2aab91e76271d160966193,image/jpeg,4096,3072,Public domain,,WrS.tm.pl,Own work,tablet computer touchscreen,weak-label-needs-review
wikimedia-pilot-v0.1,software_controlled,tablet,train,Wikimedia Commons,File:Broken Samsung Tablet - Cracked Screen.jpg,https://commons.wikimedia.org/wiki/File:Broken_Samsung_Tablet_-_Cracked_Screen.jpg,https://upload.wikimedia.org/wikipedia/commons/thumb/2/2c/Broken_Samsung_Tablet_-_Cracked_Screen.jpg/960px-Broken_Samsung_Tablet_-_Cracked_Screen.jpg,https://upload.wikimedia.org/wikipedia/commons/2/2c/Broken_Samsung_Tablet_-_Cracked_Screen.jpg,5ea9512fda7463fd8e2cc9a14f42d6c334f79a2f,image/jpeg,2233,3216,CC BY 4.0,https://creativecommons.org/licenses/by/4.0,Wiki.cullin,Own work,tablet computer touchscreen,weak-label-needs-review
wikimedia-pilot-v0.1,software_controlled,tablet,train,Wikimedia Commons,File:Foodservice Tablet and Biscuits.png,https://commons.wikimedia.org/wiki/File:Foodservice_Tablet_and_Biscuits.png,https://upload.wikimedia.org/wikipedia/commons/thumb/3/38/Foodservice_Tablet_and_Biscuits.png/960px-Foodservice_Tablet_and_Biscuits.png,https://upload.wikimedia.org/wikipedia/commons/3/38/Foodservice_Tablet_and_Biscuits.png,5b0ff1306d5318496086a2bd900a37a26455f6d2,image/png,1000,667,CC BY-SA 4.0,https://creativecommons.org/licenses/by-sa/4.0,GeneralMillsCF,Own work,tablet computer touchscreen,weak-label-needs-review
wikimedia-pilot-v0.1,software_controlled,tablet,train,Wikimedia Commons,File:Framework Tablet Internals.jpg,https://commons.wikimedia.org/wiki/File:Framework_Tablet_Internals.jpg,https://upload.wikimedia.org/wikipedia/commons/thumb/1/1c/Framework_Tablet_Internals.jpg/960px-Framework_Tablet_Internals.jpg,https://upload.wikimedia.org/wikipedia/commons/1/1c/Framework_Tablet_Internals.jpg,d7e3db7c4d31b0fbd66933c242a6ad5430a5b321,image/jpeg,4030,3022,CC BY-SA 4.0,https://creativecommons.org/licenses/by-sa/4.0,Whatthefilament,Own work,tablet computer touchscreen,weak-label-needs-review
wikimedia-pilot-v0.1,software_controlled,tablet,train,Wikimedia Commons,File:Framework Tablet Overview.jpg,https://commons.wikimedia.org/wiki/File:Framework_Tablet_Overview.jpg,https://upload.wikimedia.org/wikipedia/commons/thumb/2/28/Framework_Tablet_Overview.jpg/960px-Framework_Tablet_Overview.jpg,https://upload.wikimedia.org/wikipedia/commons/2/28/Framework_Tablet_Overview.jpg,5674aa5c3682659e365c7ca7de99457f0adaa47d,image/jpeg,4031,3023,CC BY-SA 4.0,https://creativecommons.org/licenses/by-sa/4.0,Whatthefilament,Own work,tablet computer touchscreen,weak-label-needs-review
wikimedia-pilot-v0.1,software_controlled,laptop,train,Wikimedia Commons,File:A cat sitting in front of PC (Wikipedia open).jpg,https://commons.wikimedia.org/wiki/File:A_cat_sitting_in_front_of_PC_(Wikipedia_open).jpg,https://upload.wikimedia.org/wikipedia/commons/thumb/a/a5/A_cat_sitting_in_front_of_PC_%28Wikipedia_open%29.jpg/960px-A_cat_sitting_in_front_of_PC_%28Wikipedia_open%29.jpg,https://upload.wikimedia.org/wikipedia/commons/a/a5/A_cat_sitting_in_front_of_PC_%28Wikipedia_open%29.jpg,460d2c73bcf09f21251d76f33609282ed19c2792,image/jpeg,1024,1024,Public domain,,"Flux Schnell, по запросу Таёжный лес",Создано по собственном запросу,laptop computer open,weak-label-needs-review
wikimedia-pilot-v0.1,software_controlled,laptop,train,Wikimedia Commons,File:A One Laptop per Child computer - Buttons (1273766774).jpg,https://commons.wikimedia.org/wiki/File:A_One_Laptop_per_Child_computer_-_Buttons_(1273766774).jpg,https://upload.wikimedia.org/wikipedia/commons/thumb/8/8c/A_One_Laptop_per_Child_computer_-_Buttons_%281273766774%29.jpg/960px-A_One_Laptop_per_Child_computer_-_Buttons_%281273766774%29.jpg,https://upload.wikimedia.org/wikipedia/commons/8/8c/A_One_Laptop_per_Child_computer_-_Buttons_%281273766774%29.jpg,245fe3ecb1264e138b291baa0bce131cbf871d62,image/jpeg,3648,2736,CC BY-SA 2.0,https://creativecommons.org/licenses/by-sa/2.0,"Simon Law from Montréal, QC, Canada",Buttons,laptop computer open,weak-label-needs-review
wikimedia-pilot-v0.1,software_controlled,laptop,train,Wikimedia Commons,File:A One Laptop per Child computer (1272884581).jpg,https://commons.wikimedia.org/wiki/File:A_One_Laptop_per_Child_computer_(1272884581).jpg,https://upload.wikimedia.org/wikipedia/commons/thumb/c/c4/A_One_Laptop_per_Child_computer_%281272884581%29.jpg/960px-A_One_Laptop_per_Child_computer_%281272884581%29.jpg,https://upload.wikimedia.org/wikipedia/commons/c/c4/A_One_Laptop_per_Child_computer_%281272884581%29.jpg,2fd723b3039f5304430e6f762406e921a6f261eb,image/jpeg,3648,2736,CC BY-SA 2.0,https://creativecommons.org/licenses/by-sa/2.0,"Simon Law from Montréal, QC, Canada",Closed,laptop computer open,weak-label-needs-review
wikimedia-pilot-v0.1,software_controlled,laptop,train,Wikimedia Commons,File:A One Laptop per Child computer (1273754008).jpg,https://commons.wikimedia.org/wiki/File:A_One_Laptop_per_Child_computer_(1273754008).jpg,https://upload.wikimedia.org/wikipedia/commons/thumb/3/33/A_One_Laptop_per_Child_computer_%281273754008%29.jpg/960px-A_One_Laptop_per_Child_computer_%281273754008%29.jpg,https://upload.wikimedia.org/wikipedia/commons/3/33/A_One_Laptop_per_Child_computer_%281273754008%29.jpg,40f2602e9c5187c8e25208b57f14f215d2155859,image/jpeg,2736,2736,CC BY-SA 2.0,https://creativecommons.org/licenses/by-sa/2.0,"Simon Law from Montréal, QC, Canada",Open,laptop computer open,weak-label-needs-review
wikimedia-pilot-v0.1,software_controlled,laptop,train,Wikimedia Commons,File:A One Laptop per Child computer D-controller (1272894905).jpg,https://commons.wikimedia.org/wiki/File:A_One_Laptop_per_Child_computer_D-controller_(1272894905).jpg,https://upload.wikimedia.org/wikipedia/commons/thumb/c/cc/A_One_Laptop_per_Child_computer_D-controller_%281272894905%29.jpg/960px-A_One_Laptop_per_Child_computer_D-controller_%281272894905%29.jpg,https://upload.wikimedia.org/wikipedia/commons/c/cc/A_One_Laptop_per_Child_computer_D-controller_%281272894905%29.jpg,53fc752a048faf3492f00045cf4184e87bfe692a,image/jpeg,3648,2736,CC BY-SA 2.0,https://creativecommons.org/licenses/by-sa/2.0,"Simon Law from Montréal, QC, Canada",D-controller,laptop computer open,weak-label-needs-review
wikimedia-pilot-v0.1,software_controlled,laptop,train,Wikimedia Commons,File:A One Laptop per Child computer Keyboard (1273773764).jpg,https://commons.wikimedia.org/wiki/File:A_One_Laptop_per_Child_computer_Keyboard_(1273773764).jpg,https://upload.wikimedia.org/wikipedia/commons/thumb/b/b6/A_One_Laptop_per_Child_computer_Keyboard_%281273773764%29.jpg/960px-A_One_Laptop_per_Child_computer_Keyboard_%281273773764%29.jpg,https://upload.wikimedia.org/wikipedia/commons/b/b6/A_One_Laptop_per_Child_computer_Keyboard_%281273773764%29.jpg,57f58e1a9960322e6fc219b52f552e33444826ef,image/jpeg,3520,2646,CC BY-SA 2.0,https://creativecommons.org/licenses/by-sa/2.0,"Simon Law from Montréal, QC, Canada",Keyboard,laptop computer open,weak-label-needs-review
wikimedia-pilot-v0.1,software_controlled,laptop,train,Wikimedia Commons,File:Acer Aspire 4752 Laptop - 01.jpg,https://commons.wikimedia.org/wiki/File:Acer_Aspire_4752_Laptop_-_01.jpg,https://upload.wikimedia.org/wikipedia/commons/thumb/c/c6/Acer_Aspire_4752_Laptop_-_01.jpg/960px-Acer_Aspire_4752_Laptop_-_01.jpg,https://upload.wikimedia.org/wikipedia/commons/c/c6/Acer_Aspire_4752_Laptop_-_01.jpg,cc4b2da29134e3fdfc907407163f385daf819d93,image/jpeg,4080,3060,CC BY-SA 4.0,https://creativecommons.org/licenses/by-sa/4.0,CSR2Forever,Own work,laptop computer open,weak-label-needs-review
wikimedia-pilot-v0.1,software_controlled,laptop,train,Wikimedia Commons,File:Acer Aspire 4752 Laptop - 02.jpg,https://commons.wikimedia.org/wiki/File:Acer_Aspire_4752_Laptop_-_02.jpg,https://upload.wikimedia.org/wikipedia/commons/thumb/6/6c/Acer_Aspire_4752_Laptop_-_02.jpg/960px-Acer_Aspire_4752_Laptop_-_02.jpg,https://upload.wikimedia.org/wikipedia/commons/6/6c/Acer_Aspire_4752_Laptop_-_02.jpg,657a50a3d85faf1a56a39bebf96287244aef6e84,image/jpeg,4080,3060,CC BY-SA 4.0,https://creativecommons.org/licenses/by-sa/4.0,CSR2Forever,Own work,laptop computer open,weak-label-needs-review
wikimedia-pilot-v0.1,software_controlled,smartwatch,train,Wikimedia Commons,File:230314-F-LY743-0552 - The U.S. Navy and Marines bring the rain to Nellis AFB.jpg,https://commons.wikimedia.org/wiki/File:230314-F-LY743-0552_-_The_U.S._Navy_and_Marines_bring_the_rain_to_Nellis_AFB.jpg,https://upload.wikimedia.org/wikipedia/commons/thumb/6/6e/230314-F-LY743-0552_-_The_U.S._Navy_and_Marines_bring_the_rain_to_Nellis_AFB.jpg/960px-230314-F-LY743-0552_-_The_U.S._Navy_and_Marines_bring_the_rain_to_Nellis_AFB.jpg,https://upload.wikimedia.org/wikipedia/commons/6/6e/230314-F-LY743-0552_-_The_U.S._Navy_and_Marines_bring_the_rain_to_Nellis_AFB.jpg,0d1b766c6de64c4c96ff0fe2119f3cc81cf167f4,image/jpeg,6048,4024,Public domain,,Senior Airman Zachary Rufus,https://www.dvidshub.net/image/7691080/us-navy-and-marines-bring-rain-nellis-afb,smartwatch,weak-label-needs-review
wikimedia-pilot-v0.1,software_controlled,smartwatch,train,Wikimedia Commons,File:Android Wear Smartwatch- LG G Watch (15048721571).jpg,https://commons.wikimedia.org/wiki/File:Android_Wear_Smartwatch-_LG_G_Watch_(15048721571).jpg,https://upload.wikimedia.org/wikipedia/commons/thumb/3/3a/Android_Wear_Smartwatch-_LG_G_Watch_%2815048721571%29.jpg/960px-Android_Wear_Smartwatch-_LG_G_Watch_%2815048721571%29.jpg,https://upload.wikimedia.org/wikipedia/commons/3/3a/Android_Wear_Smartwatch-_LG_G_Watch_%2815048721571%29.jpg,e9776e05f0655bf094b2d79c35564baadac4239f,image/jpeg,5184,3456,CC BY 2.0,https://creativecommons.org/licenses/by/2.0,"Maurizio Pesce from Milan, Italia",Android Wear Smartwatch: LG G Watch,smartwatch,weak-label-needs-review
wikimedia-pilot-v0.1,software_controlled,smartwatch,train,Wikimedia Commons,File:Android Wear Smartwatch- LG G Watch (15051419582).jpg,https://commons.wikimedia.org/wiki/File:Android_Wear_Smartwatch-_LG_G_Watch_(15051419582).jpg,https://upload.wikimedia.org/wikipedia/commons/thumb/9/91/Android_Wear_Smartwatch-_LG_G_Watch_%2815051419582%29.jpg/960px-Android_Wear_Smartwatch-_LG_G_Watch_%2815051419582%29.jpg,https://upload.wikimedia.org/wikipedia/commons/9/91/Android_Wear_Smartwatch-_LG_G_Watch_%2815051419582%29.jpg,7ec04f834ed93895a55ad1859b881d950ff4b63b,image/jpeg,5184,3456,CC BY 2.0,https://creativecommons.org/licenses/by/2.0,"Maurizio Pesce from Milan, Italia",Android Wear Smartwatch: LG G Watch,smartwatch,weak-label-needs-review
wikimedia-pilot-v0.1,software_controlled,smartwatch,train,Wikimedia Commons,File:Android Wear Smartwatch- LG G Watch (15051421752).jpg,https://commons.wikimedia.org/wiki/File:Android_Wear_Smartwatch-_LG_G_Watch_(15051421752).jpg,https://upload.wikimedia.org/wikipedia/commons/thumb/b/b5/Android_Wear_Smartwatch-_LG_G_Watch_%2815051421752%29.jpg/960px-Android_Wear_Smartwatch-_LG_G_Watch_%2815051421752%29.jpg,https://upload.wikimedia.org/wikipedia/commons/b/b5/Android_Wear_Smartwatch-_LG_G_Watch_%2815051421752%29.jpg,3788543d7e252c46f97ace28a33bc9fd5034694c,image/jpeg,5184,3456,CC BY 2.0,https://creativecommons.org/licenses/by/2.0,"Maurizio Pesce from Milan, Italia",Android Wear Smartwatch: LG G Watch,smartwatch,weak-label-needs-review
wikimedia-pilot-v0.1,software_controlled,smartwatch,train,Wikimedia Commons,File:Android Wear Smartwatch- LG G Watch (15051774155).jpg,https://commons.wikimedia.org/wiki/File:Android_Wear_Smartwatch-_LG_G_Watch_(15051774155).jpg,https://upload.wikimedia.org/wikipedia/commons/thumb/a/a0/Android_Wear_Smartwatch-_LG_G_Watch_%2815051774155%29.jpg/960px-Android_Wear_Smartwatch-_LG_G_Watch_%2815051774155%29.jpg,https://upload.wikimedia.org/wikipedia/commons/a/a0/Android_Wear_Smartwatch-_LG_G_Watch_%2815051774155%29.jpg,45a778f4e3de06fb2b2c55139dcf3d9c2874f63f,image/jpeg,5184,3456,CC BY 2.0,https://creativecommons.org/licenses/by/2.0,"Maurizio Pesce from Milan, Italia",Android Wear Smartwatch: LG G Watch,smartwatch,weak-label-needs-review
wikimedia-pilot-v0.1,software_controlled,smartwatch,train,Wikimedia Commons,File:Android Wear Smartwatch- LG G Watch and Samsung Gear Live (14865176408).jpg,https://commons.wikimedia.org/wiki/File:Android_Wear_Smartwatch-_LG_G_Watch_and_Samsung_Gear_Live_(14865176408).jpg,https://upload.wikimedia.org/wikipedia/commons/thumb/f/f0/Android_Wear_Smartwatch-_LG_G_Watch_and_Samsung_Gear_Live_%2814865176408%29.jpg/960px-Android_Wear_Smartwatch-_LG_G_Watch_and_Samsung_Gear_Live_%2814865176408%29.jpg,https://upload.wikimedia.org/wikipedia/commons/f/f0/Android_Wear_Smartwatch-_LG_G_Watch_and_Samsung_Gear_Live_%2814865176408%29.jpg,9bd8c6ee45bc5a6fc337e53cd8c4ea0048a46e35,image/jpeg,5184,3456,CC BY 2.0,https://creativecommons.org/licenses/by/2.0,"Maurizio Pesce from Milan, Italia",Android Wear Smartwatch: LG G Watch and Samsung Gear Live,smartwatch,weak-label-needs-review
wikimedia-pilot-v0.1,software_controlled,smartwatch,train,Wikimedia Commons,File:Android Wear Smartwatch- LG G Watch and Samsung Gear Live (15048710851).jpg,https://commons.wikimedia.org/wiki/File:Android_Wear_Smartwatch-_LG_G_Watch_and_Samsung_Gear_Live_(15048710851).jpg,https://upload.wikimedia.org/wikipedia/commons/thumb/5/51/Android_Wear_Smartwatch-_LG_G_Watch_and_Samsung_Gear_Live_%2815048710851%29.jpg/960px-Android_Wear_Smartwatch-_LG_G_Watch_and_Samsung_Gear_Live_%2815048710851%29.jpg,https://upload.wikimedia.org/wikipedia/commons/5/51/Android_Wear_Smartwatch-_LG_G_Watch_and_Samsung_Gear_Live_%2815048710851%29.jpg,5593340ea5e0603142e0d3c4a58df447d56b416b,image/jpeg,5184,3456,CC BY 2.0,https://creativecommons.org/licenses/by/2.0,"Maurizio Pesce from Milan, Italia",Android Wear Smartwatch: LG G Watch and Samsung Gear Live,smartwatch,weak-label-needs-review
wikimedia-pilot-v0.1,software_controlled,smartwatch,train,Wikimedia Commons,File:Android Wear Smartwatch- LG G Watch and Samsung Gear Live (15051778575).jpg,https://commons.wikimedia.org/wiki/File:Android_Wear_Smartwatch-_LG_G_Watch_and_Samsung_Gear_Live_(15051778575).jpg,https://upload.wikimedia.org/wikipedia/commons/thumb/0/0c/Android_Wear_Smartwatch-_LG_G_Watch_and_Samsung_Gear_Live_%2815051778575%29.jpg/960px-Android_Wear_Smartwatch-_LG_G_Watch_and_Samsung_Gear_Live_%2815051778575%29.jpg,https://upload.wikimedia.org/wikipedia/commons/0/0c/Android_Wear_Smartwatch-_LG_G_Watch_and_Samsung_Gear_Live_%2815051778575%29.jpg,9676323b1c37a13c14f82248ffd51b03c7c0c0c9,image/jpeg,5184,3456,CC BY 2.0,https://creativecommons.org/licenses/by/2.0,"Maurizio Pesce from Milan, Italia",Android Wear Smartwatch: LG G Watch and Samsung Gear Live,smartwatch,weak-label-needs-review
wikimedia-pilot-v0.1,software_controlled,smart_speaker,validation,Wikimedia Commons,"File:‘기본에서 만든 새로움’ LG G7 ThinQ, ‘월드 IT 쇼 2018’에서 선보인다 (41568974684).jpg","https://commons.wikimedia.org/wiki/File:%E2%80%98%EA%B8%B0%EB%B3%B8%EC%97%90%EC%84%9C_%EB%A7%8C%EB%93%A0_%EC%83%88%EB%A1%9C%EC%9B%80%E2%80%99_LG_G7_ThinQ,_%E2%80%98%EC%9B%94%EB%93%9C_IT_%EC%87%BC_2018%E2%80%99%EC%97%90%EC%84%9C_%EC%84%A0%EB%B3%B4%EC%9D%B8%EB%8B%A4_(41568974684).jpg",https://upload.wikimedia.org/wikipedia/commons/thumb/b/be/%E2%80%98%EA%B8%B0%EB%B3%B8%EC%97%90%EC%84%9C_%EB%A7%8C%EB%93%A0_%EC%83%88%EB%A1%9C%EC%9B%80%E2%80%99_LG_G7_ThinQ%2C_%E2%80%98%EC%9B%94%EB%93%9C_IT_%EC%87%BC_2018%E2%80%99%EC%97%90%EC%84%9C_%EC%84%A0%EB%B3%B4%EC%9D%B8%EB%8B%A4_%2841568974684%29.jpg/960px-%E2%80%98%EA%B8%B0%EB%B3%B8%EC%97%90%EC%84%9C_%EB%A7%8C%EB%93%A0_%EC%83%88%EB%A1%9C%EC%9B%80%E2%80%99_LG_G7_ThinQ%2C_%E2%80%98%EC%9B%94%EB%93%9C_IT_%EC%87%BC_2018%E2%80%99%EC%97%90%EC%84%9C_%EC%84%A0%EB%B3%B4%EC%9D%B8%EB%8B%A4_%2841568974684%29.jpg,https://upload.wikimedia.org/wikipedia/commons/b/be/%E2%80%98%EA%B8%B0%EB%B3%B8%EC%97%90%EC%84%9C_%EB%A7%8C%EB%93%A0_%EC%83%88%EB%A1%9C%EC%9B%80%E2%80%99_LG_G7_ThinQ%2C_%E2%80%98%EC%9B%94%EB%93%9C_IT_%EC%87%BC_2018%E2%80%99%EC%97%90%EC%84%9C_%EC%84%A0%EB%B3%B4%EC%9D%B8%EB%8B%A4_%2841568974684%29.jpg,bca79784fb04e633ebbbba2302d647446eda0547,image/jpeg,1382,922,CC BY 2.0,https://creativecommons.org/licenses/by/2.0,LG전자,"‘기본에서 만든 새로움’ LG G7 ThinQ, ‘월드 IT 쇼 2018’에서 선보인다",smart speaker,weak-label-needs-review
wikimedia-pilot-v0.1,software_controlled,smart_speaker,validation,Wikimedia Commons,File:Alexa Amazon Echo Dot 3rd Gen Smart Speaker - Sandstone Fabric (Creative Commons) (51048461088).jpg,https://commons.wikimedia.org/wiki/File:Alexa_Amazon_Echo_Dot_3rd_Gen_Smart_Speaker_-_Sandstone_Fabric_(Creative_Commons)_(51048461088).jpg,https://upload.wikimedia.org/wikipedia/commons/thumb/7/77/Alexa_Amazon_Echo_Dot_3rd_Gen_Smart_Speaker_-_Sandstone_Fabric_%28Creative_Commons%29_%2851048461088%29.jpg/960px-Alexa_Amazon_Echo_Dot_3rd_Gen_Smart_Speaker_-_Sandstone_Fabric_%28Creative_Commons%29_%2851048461088%29.jpg,https://upload.wikimedia.org/wikipedia/commons/7/77/Alexa_Amazon_Echo_Dot_3rd_Gen_Smart_Speaker_-_Sandstone_Fabric_%28Creative_Commons%29_%2851048461088%29.jpg,1cbb9a0c69f60e27b9420a249e76ea059465fd15,image/jpeg,4000,3000,CC BY 2.0,https://creativecommons.org/licenses/by/2.0,Smart Home Perfected,Alexa / Amazon Echo Dot 3rd Gen Smart Speaker - Sandstone Fabric (Creative Commons),smart speaker,weak-label-needs-review
wikimedia-pilot-v0.1,software_controlled,smart_speaker,validation,Wikimedia Commons,File:Alexa Amazon Echo Dot 3rd Gen Smart Speaker - Sandstone Fabric (Creative Commons) (51049189591).jpg,https://commons.wikimedia.org/wiki/File:Alexa_Amazon_Echo_Dot_3rd_Gen_Smart_Speaker_-_Sandstone_Fabric_(Creative_Commons)_(51049189591).jpg,https://upload.wikimedia.org/wikipedia/commons/thumb/c/cc/Alexa_Amazon_Echo_Dot_3rd_Gen_Smart_Speaker_-_Sandstone_Fabric_%28Creative_Commons%29_%2851049189591%29.jpg/960px-Alexa_Amazon_Echo_Dot_3rd_Gen_Smart_Speaker_-_Sandstone_Fabric_%28Creative_Commons%29_%2851049189591%29.jpg,https://upload.wikimedia.org/wikipedia/commons/c/cc/Alexa_Amazon_Echo_Dot_3rd_Gen_Smart_Speaker_-_Sandstone_Fabric_%28Creative_Commons%29_%2851049189591%29.jpg,0845cab040c8b175fec11769f72417d552b17fe9,image/jpeg,4608,3456,CC BY 2.0,https://creativecommons.org/licenses/by/2.0,Smart Home Perfected,Alexa / Amazon Echo Dot 3rd Gen Smart Speaker - Sandstone Fabric (Creative Commons),smart speaker,weak-label-needs-review
wikimedia-pilot-v0.1,software_controlled,smart_speaker,validation,Wikimedia Commons,File:Alexa Amazon Echo Dot 3rd Gen Smart Speaker - Sandstone Fabric (Creative Commons) (51049273602).jpg,https://commons.wikimedia.org/wiki/File:Alexa_Amazon_Echo_Dot_3rd_Gen_Smart_Speaker_-_Sandstone_Fabric_(Creative_Commons)_(51049273602).jpg,https://upload.wikimedia.org/wikipedia/commons/thumb/a/ad/Alexa_Amazon_Echo_Dot_3rd_Gen_Smart_Speaker_-_Sandstone_Fabric_%28Creative_Commons%29_%2851049273602%29.jpg/960px-Alexa_Amazon_Echo_Dot_3rd_Gen_Smart_Speaker_-_Sandstone_Fabric_%28Creative_Commons%29_%2851049273602%29.jpg,https://upload.wikimedia.org/wikipedia/commons/a/ad/Alexa_Amazon_Echo_Dot_3rd_Gen_Smart_Speaker_-_Sandstone_Fabric_%28Creative_Commons%29_%2851049273602%29.jpg,64a5341a48108e201bd93b21e8ac669e59d226fc,image/jpeg,4000,3000,CC BY 2.0,https://creativecommons.org/licenses/by/2.0,Smart Home Perfected,Alexa / Amazon Echo Dot 3rd Gen Smart Speaker - Sandstone Fabric (Creative Commons),smart speaker,weak-label-needs-review
wikimedia-pilot-v0.1,software_controlled,smart_speaker,validation,Wikimedia Commons,File:Alexa Amazon Echo Dot 3rd Gen Smart Speaker with Wall Mount (Creative Commons) (51269739966).jpg,https://commons.wikimedia.org/wiki/File:Alexa_Amazon_Echo_Dot_3rd_Gen_Smart_Speaker_with_Wall_Mount_(Creative_Commons)_(51269739966).jpg,https://upload.wikimedia.org/wikipedia/commons/thumb/6/6f/Alexa_Amazon_Echo_Dot_3rd_Gen_Smart_Speaker_with_Wall_Mount_%28Creative_Commons%29_%2851269739966%29.jpg/960px-Alexa_Amazon_Echo_Dot_3rd_Gen_Smart_Speaker_with_Wall_Mount_%28Creative_Commons%29_%2851269739966%29.jpg,https://upload.wikimedia.org/wikipedia/commons/6/6f/Alexa_Amazon_Echo_Dot_3rd_Gen_Smart_Speaker_with_Wall_Mount_%28Creative_Commons%29_%2851269739966%29.jpg,005f14a86ab783ec35eb4f51f25a4866619ce9aa,image/jpeg,12000,9000,CC BY 2.0,https://creativecommons.org/licenses/by/2.0,Smart Home Perfected,Alexa / Amazon Echo Dot 3rd Gen Smart Speaker with Wall Mount (Creative Commons),smart speaker,weak-label-needs-review
wikimedia-pilot-v0.1,software_controlled,smart_speaker,validation,Wikimedia Commons,File:Alexa Amazon Echo Dot 3rd Gen Smart Speaker with Wall Mount (Creative Commons) (51270472329).jpg,https://commons.wikimedia.org/wiki/File:Alexa_Amazon_Echo_Dot_3rd_Gen_Smart_Speaker_with_Wall_Mount_(Creative_Commons)_(51270472329).jpg,https://upload.wikimedia.org/wikipedia/commons/thumb/a/a1/Alexa_Amazon_Echo_Dot_3rd_Gen_Smart_Speaker_with_Wall_Mount_%28Creative_Commons%29_%2851270472329%29.jpg/960px-Alexa_Amazon_Echo_Dot_3rd_Gen_Smart_Speaker_with_Wall_Mount_%28Creative_Commons%29_%2851270472329%29.jpg,https://upload.wikimedia.org/wikipedia/commons/a/a1/Alexa_Amazon_Echo_Dot_3rd_Gen_Smart_Speaker_with_Wall_Mount_%28Creative_Commons%29_%2851270472329%29.jpg,7db9e55423d8abba37a807b642b0233cf93791f6,image/jpeg,12000,9000,CC BY 2.0,https://creativecommons.org/licenses/by/2.0,Smart Home Perfected,Alexa / Amazon Echo Dot 3rd Gen Smart Speaker with Wall Mount (Creative Commons),smart speaker,weak-label-needs-review
wikimedia-pilot-v0.1,software_controlled,smart_speaker,validation,Wikimedia Commons,File:Alexa Amazon Echo Smart Speaker - Flashing Blue Ring (Creative Commons) (51048329823).jpg,https://commons.wikimedia.org/wiki/File:Alexa_Amazon_Echo_Smart_Speaker_-_Flashing_Blue_Ring_(Creative_Commons)_(51048329823).jpg,https://upload.wikimedia.org/wikipedia/commons/thumb/7/75/Alexa_Amazon_Echo_Smart_Speaker_-_Flashing_Blue_Ring_%28Creative_Commons%29_%2851048329823%29.jpg/960px-Alexa_Amazon_Echo_Smart_Speaker_-_Flashing_Blue_Ring_%28Creative_Commons%29_%2851048329823%29.jpg,https://upload.wikimedia.org/wikipedia/commons/7/75/Alexa_Amazon_Echo_Smart_Speaker_-_Flashing_Blue_Ring_%28Creative_Commons%29_%2851048329823%29.jpg,3e5fccde0aef0d1dc532357ec5612f38998433df,image/jpeg,4608,3456,CC BY 2.0,https://creativecommons.org/licenses/by/2.0,Smart Home Perfected,Alexa / Amazon Echo Smart Speaker - Flashing Blue Ring (Creative Commons),smart speaker,weak-label-needs-review
wikimedia-pilot-v0.1,software_controlled,smart_speaker,validation,Wikimedia Commons,File:Alexa Amazon Echo Smart Speaker - Flashing Blue Ring (Creative Commons) (51049059491).jpg,https://commons.wikimedia.org/wiki/File:Alexa_Amazon_Echo_Smart_Speaker_-_Flashing_Blue_Ring_(Creative_Commons)_(51049059491).jpg,https://upload.wikimedia.org/wikipedia/commons/thumb/2/25/Alexa_Amazon_Echo_Smart_Speaker_-_Flashing_Blue_Ring_%28Creative_Commons%29_%2851049059491%29.jpg/960px-Alexa_Amazon_Echo_Smart_Speaker_-_Flashing_Blue_Ring_%28Creative_Commons%29_%2851049059491%29.jpg,https://upload.wikimedia.org/wikipedia/commons/2/25/Alexa_Amazon_Echo_Smart_Speaker_-_Flashing_Blue_Ring_%28Creative_Commons%29_%2851049059491%29.jpg,95dfd5f41238de6dcffd1b2b515f568bcdbcce7c,image/jpeg,4608,3456,CC BY 2.0,https://creativecommons.org/licenses/by/2.0,Smart Home Perfected,Alexa / Amazon Echo Smart Speaker - Flashing Blue Ring (Creative Commons),smart speaker,weak-label-needs-review
wikimedia-pilot-v0.1,software_controlled,wifi_router,test,Wikimedia Commons,File:1-st in the world Wi-fi by Galitsky.JPG,https://commons.wikimedia.org/wiki/File:1-st_in_the_world_Wi-fi_by_Galitsky.JPG,https://upload.wikimedia.org/wikipedia/commons/b/ba/1-st_in_the_world_Wi-fi_by_Galitsky.JPG,https://upload.wikimedia.org/wikipedia/commons/b/ba/1-st_in_the_world_Wi-fi_by_Galitsky.JPG,ff5b58169341c957d68dda596941854d5c0fadb7,image/jpeg,439,585,GFDL,http://www.gnu.org/copyleft/fdl.html,Tima-natalenko,Own work,wireless router,weak-label-needs-review
wikimedia-pilot-v0.1,software_controlled,wifi_router,test,Wikimedia Commons,File:3Com OfficeConnect ADSL Wireless 11g Firewall Router 2012-10-28-0866.jpg,https://commons.wikimedia.org/wiki/File:3Com_OfficeConnect_ADSL_Wireless_11g_Firewall_Router_2012-10-28-0866.jpg,https://upload.wikimedia.org/wikipedia/commons/thumb/4/48/3Com_OfficeConnect_ADSL_Wireless_11g_Firewall_Router_2012-10-28-0866.jpg/960px-3Com_OfficeConnect_ADSL_Wireless_11g_Firewall_Router_2012-10-28-0866.jpg,https://upload.wikimedia.org/wikipedia/commons/4/48/3Com_OfficeConnect_ADSL_Wireless_11g_Firewall_Router_2012-10-28-0866.jpg,fdae936e9f140a26cb7ad2b4e0337302258baaa7,image/jpeg,4752,3168,CC0,http://creativecommons.org/publicdomain/zero/1.0/deed.en,Slick,Own work,wireless router,weak-label-needs-review
wikimedia-pilot-v0.1,software_controlled,wifi_router,test,Wikimedia Commons,File:3Com OfficeConnect ADSL Wireless 11g Firewall Router 2012-10-28-0869.jpg,https://commons.wikimedia.org/wiki/File:3Com_OfficeConnect_ADSL_Wireless_11g_Firewall_Router_2012-10-28-0869.jpg,https://upload.wikimedia.org/wikipedia/commons/thumb/c/ca/3Com_OfficeConnect_ADSL_Wireless_11g_Firewall_Router_2012-10-28-0869.jpg/960px-3Com_OfficeConnect_ADSL_Wireless_11g_Firewall_Router_2012-10-28-0869.jpg,https://upload.wikimedia.org/wikipedia/commons/c/ca/3Com_OfficeConnect_ADSL_Wireless_11g_Firewall_Router_2012-10-28-0869.jpg,84f87b858154cf29e76b521301706840b4ed42e9,image/jpeg,4752,3168,CC0,http://creativecommons.org/publicdomain/zero/1.0/deed.en,Slick,Own work,wireless router,weak-label-needs-review
wikimedia-pilot-v0.1,software_controlled,wifi_router,test,Wikimedia Commons,File:3G Wi-Fi Router - board - Elpida DS2516APTA-75-49863.jpg,https://commons.wikimedia.org/wiki/File:3G_Wi-Fi_Router_-_board_-_Elpida_DS2516APTA-75-49863.jpg,https://upload.wikimedia.org/wikipedia/commons/thumb/6/60/3G_Wi-Fi_Router_-_board_-_Elpida_DS2516APTA-75-49863.jpg/960px-3G_Wi-Fi_Router_-_board_-_Elpida_DS2516APTA-75-49863.jpg,https://upload.wikimedia.org/wikipedia/commons/6/60/3G_Wi-Fi_Router_-_board_-_Elpida_DS2516APTA-75-49863.jpg,8a0801b2399b5f050863210b33070ef2b6901b00,image/jpeg,4356,3267,CC BY-SA 4.0,https://creativecommons.org/licenses/by-sa/4.0,Raimond Spekking,Own work,wireless router,weak-label-needs-review
wikimedia-pilot-v0.1,software_controlled,wifi_router,test,Wikimedia Commons,File:3G Wi-Fi Router - board - Fullwin FC-618CL-49858.jpg,https://commons.wikimedia.org/wiki/File:3G_Wi-Fi_Router_-_board_-_Fullwin_FC-618CL-49858.jpg,https://upload.wikimedia.org/wikipedia/commons/thumb/d/d4/3G_Wi-Fi_Router_-_board_-_Fullwin_FC-618CL-49858.jpg/960px-3G_Wi-Fi_Router_-_board_-_Fullwin_FC-618CL-49858.jpg,https://upload.wikimedia.org/wikipedia/commons/d/d4/3G_Wi-Fi_Router_-_board_-_Fullwin_FC-618CL-49858.jpg,57e1dfaaed2ff463fc2c2a9c74e23191b4158120,image/jpeg,3096,2322,CC BY-SA 4.0,https://creativecommons.org/licenses/by-sa/4.0,Raimond Spekking,Own work,wireless router,weak-label-needs-review
wikimedia-pilot-v0.1,software_controlled,wifi_router,test,Wikimedia Commons,File:3G Wi-Fi Router - board - KH 25L3206E-49861.jpg,https://commons.wikimedia.org/wiki/File:3G_Wi-Fi_Router_-_board_-_KH_25L3206E-49861.jpg,https://upload.wikimedia.org/wikipedia/commons/thumb/f/f4/3G_Wi-Fi_Router_-_board_-_KH_25L3206E-49861.jpg/960px-3G_Wi-Fi_Router_-_board_-_KH_25L3206E-49861.jpg,https://upload.wikimedia.org/wikipedia/commons/f/f4/3G_Wi-Fi_Router_-_board_-_KH_25L3206E-49861.jpg,4fbc64b51f3d6a4e35d8d1fd9f8990d235d4cd69,image/jpeg,1836,1836,CC BY-SA 4.0,https://creativecommons.org/licenses/by-sa/4.0,Raimond Spekking,Own work,wireless router,weak-label-needs-review
wikimedia-pilot-v0.1,software_controlled,wifi_router,test,Wikimedia Commons,File:3G Wi-Fi Router - board - Ralink RT5350F-49857.jpg,https://commons.wikimedia.org/wiki/File:3G_Wi-Fi_Router_-_board_-_Ralink_RT5350F-49857.jpg,https://upload.wikimedia.org/wikipedia/commons/thumb/1/1e/3G_Wi-Fi_Router_-_board_-_Ralink_RT5350F-49857.jpg/960px-3G_Wi-Fi_Router_-_board_-_Ralink_RT5350F-49857.jpg,https://upload.wikimedia.org/wikipedia/commons/1/1e/3G_Wi-Fi_Router_-_board_-_Ralink_RT5350F-49857.jpg,b39070eba3f9a4566f58299f254af2d635f1b56c,image/jpeg,3096,3096,CC BY-SA 4.0,https://creativecommons.org/licenses/by-sa/4.0,Raimond Spekking,Own work,wireless router,weak-label-needs-review
wikimedia-pilot-v0.1,software_controlled,wifi_router,test,Wikimedia Commons,File:3G Wi-Fi Router - board - Texas Instruments LM339-49859.jpg,https://commons.wikimedia.org/wiki/File:3G_Wi-Fi_Router_-_board_-_Texas_Instruments_LM339-49859.jpg,https://upload.wikimedia.org/wikipedia/commons/thumb/3/33/3G_Wi-Fi_Router_-_board_-_Texas_Instruments_LM339-49859.jpg/960px-3G_Wi-Fi_Router_-_board_-_Texas_Instruments_LM339-49859.jpg,https://upload.wikimedia.org/wikipedia/commons/3/33/3G_Wi-Fi_Router_-_board_-_Texas_Instruments_LM339-49859.jpg,6a1da0f61e50031100574d2fdcd6e896c1a2fd17,image/jpeg,2267,1700,CC BY-SA 4.0,https://creativecommons.org/licenses/by-sa/4.0,Raimond Spekking,Own work,wireless router,weak-label-needs-review
wikimedia-pilot-v0.1,hybrid,washing_machine,train,Wikimedia Commons,File:Ariston washing machine Oct-2011 HK Ip4.jpg,https://commons.wikimedia.org/wiki/File:Ariston_washing_machine_Oct-2011_HK_Ip4.jpg,https://upload.wikimedia.org/wikipedia/commons/thumb/2/24/Ariston_washing_machine_Oct-2011_HK_Ip4.jpg/960px-Ariston_washing_machine_Oct-2011_HK_Ip4.jpg,https://upload.wikimedia.org/wikipedia/commons/2/24/Ariston_washing_machine_Oct-2011_HK_Ip4.jpg,de194aef343dd021fd650cfbaeb435343a27cc79,image/jpeg,2592,1936,CC BY-SA 3.0,https://creativecommons.org/licenses/by-sa/3.0,Belchers Albert,Own work,washing machine control panel,weak-label-needs-review
wikimedia-pilot-v0.1,hybrid,washing_machine,train,Wikimedia Commons,File:Heran HWM-1311 control panel 20190817.jpg,https://commons.wikimedia.org/wiki/File:Heran_HWM-1311_control_panel_20190817.jpg,https://upload.wikimedia.org/wikipedia/commons/thumb/e/e2/Heran_HWM-1311_control_panel_20190817.jpg/960px-Heran_HWM-1311_control_panel_20190817.jpg,https://upload.wikimedia.org/wikipedia/commons/e/e2/Heran_HWM-1311_control_panel_20190817.jpg,0f62c476cd70bd3c328b6c3ed725ba9a1f21e5d2,image/jpeg,4032,2268,CC BY-SA 4.0,https://creativecommons.org/licenses/by-sa/4.0,OnionBulb,Own work,washing machine control panel,weak-label-needs-review
wikimedia-pilot-v0.1,hybrid,washing_machine,train,Wikimedia Commons,File:HK ARISTON washing machine control panel March 2021 SS2 01.jpg,https://commons.wikimedia.org/wiki/File:HK_ARISTON_washing_machine_control_panel_March_2021_SS2_01.jpg,https://upload.wikimedia.org/wikipedia/commons/thumb/7/7c/HK_ARISTON_washing_machine_control_panel_March_2021_SS2_01.jpg/960px-HK_ARISTON_washing_machine_control_panel_March_2021_SS2_01.jpg,https://upload.wikimedia.org/wikipedia/commons/7/7c/HK_ARISTON_washing_machine_control_panel_March_2021_SS2_01.jpg,913547a6adbf59898f17d06e0b23e0ef0bcd0118,image/jpeg,4128,3088,CC BY-SA 4.0,https://creativecommons.org/licenses/by-sa/4.0,LUIAHM GEEAH,Own work,washing machine control panel,weak-label-needs-review
wikimedia-pilot-v0.1,hybrid,washing_machine,train,Wikimedia Commons,File:HK home machine washing control button panel August 2021 SS2.jpg,https://commons.wikimedia.org/wiki/File:HK_home_machine_washing_control_button_panel_August_2021_SS2.jpg,https://upload.wikimedia.org/wikipedia/commons/thumb/e/e0/HK_home_machine_washing_control_button_panel_August_2021_SS2.jpg/960px-HK_home_machine_washing_control_button_panel_August_2021_SS2.jpg,https://upload.wikimedia.org/wikipedia/commons/e/e0/HK_home_machine_washing_control_button_panel_August_2021_SS2.jpg,d8281b13d08a5ce7de238ff75ff9ee94df93c8cb,image/jpeg,4128,3096,CC BY-SA 4.0,https://creativecommons.org/licenses/by-sa/4.0,GOSUAN Waongeai,Own work,washing machine control panel,weak-label-needs-review
wikimedia-pilot-v0.1,hybrid,washing_machine,train,Wikimedia Commons,File:Servis Sapphire 1300 Washer Dryer 9635.jpg,https://commons.wikimedia.org/wiki/File:Servis_Sapphire_1300_Washer_Dryer_9635.jpg,https://upload.wikimedia.org/wikipedia/commons/thumb/0/01/Servis_Sapphire_1300_Washer_Dryer_9635.jpg/960px-Servis_Sapphire_1300_Washer_Dryer_9635.jpg,https://upload.wikimedia.org/wikipedia/commons/0/01/Servis_Sapphire_1300_Washer_Dryer_9635.jpg,392eb9947566d387635ec3d8963e95c2cd68fc10,image/jpeg,1064,1086,CC BY-SA 3.0,https://creativecommons.org/licenses/by-sa/3.0,ServisSapphire,Own work,washing machine control panel,weak-label-needs-review
wikimedia-pilot-v0.1,hybrid,washing_machine,train,Wikimedia Commons,File:The Ladies' home journal (1948) (14766225032).jpg,https://commons.wikimedia.org/wiki/File:The_Ladies%27_home_journal_(1948)_(14766225032).jpg,https://upload.wikimedia.org/wikipedia/commons/thumb/d/d0/The_Ladies%27_home_journal_%281948%29_%2814766225032%29.jpg/960px-The_Ladies%27_home_journal_%281948%29_%2814766225032%29.jpg,https://upload.wikimedia.org/wikipedia/commons/d/d0/The_Ladies%27_home_journal_%281948%29_%2814766225032%29.jpg,7c9c3c2f6543bd595920a73b5752f3db0e5a55ec,image/jpeg,3156,3444,No restrictions,https://www.flickr.com/commons/usage/,Internet Archive Book Images,https://www.flickr.com/photos/internetarchivebookimages/14766225032/ Source book page: https://archive.org/stream/ladieshomejourna65janwyet/ladieshomejourna65janwyet#page/n638/mode/1up,washing machine control panel,weak-label-needs-review
wikimedia-pilot-v0.1,hybrid,washing_machine,train,Wikimedia Commons,File:WirelessToiletControlPanel.jpg,https://commons.wikimedia.org/wiki/File:WirelessToiletControlPanel.jpg,https://upload.wikimedia.org/wikipedia/commons/9/9f/WirelessToiletControlPanel.jpg,https://upload.wikimedia.org/wikipedia/commons/9/9f/WirelessToiletControlPanel.jpg,fdc599f061ca44a483072febe66508a7afcd7659,image/jpeg,800,414,CC BY-SA 3.0,https://creativecommons.org/licenses/by-sa/3.0,,,washing machine control panel,weak-label-needs-review
wikimedia-pilot-v0.1,hybrid,microwave_oven,train,Wikimedia Commons,File:AKIRA Microwave Oven in Singapore HDB.jpg,https://commons.wikimedia.org/wiki/File:AKIRA_Microwave_Oven_in_Singapore_HDB.jpg,https://upload.wikimedia.org/wikipedia/commons/5/57/AKIRA_Microwave_Oven_in_Singapore_HDB.jpg,https://upload.wikimedia.org/wikipedia/commons/5/57/AKIRA_Microwave_Oven_in_Singapore_HDB.jpg,d9e46b643ecf8ca1f99cc680de88e79c33099e9e,image/jpeg,793,595,CC BY 4.0,https://creativecommons.org/licenses/by/4.0,EverrrHong,Own work,microwave oven,weak-label-needs-review
wikimedia-pilot-v0.1,hybrid,microwave_oven,train,Wikimedia Commons,File:CombiMicroWaveOven.jpg,https://commons.wikimedia.org/wiki/File:CombiMicroWaveOven.jpg,https://upload.wikimedia.org/wikipedia/commons/thumb/e/e3/CombiMicroWaveOven.jpg/960px-CombiMicroWaveOven.jpg,https://upload.wikimedia.org/wikipedia/commons/e/e3/CombiMicroWaveOven.jpg,fe0980d75ca0ac65b90a5e12e2bddc20497d7beb,image/jpeg,4032,3024,CC BY-SA 4.0,https://creativecommons.org/licenses/by-sa/4.0,Klaas van Buiten,Own work,microwave oven,weak-label-needs-review
wikimedia-pilot-v0.1,hybrid,microwave_oven,train,Wikimedia Commons,File:Control panel on an open microwave oven (125wiki).jpg,https://commons.wikimedia.org/wiki/File:Control_panel_on_an_open_microwave_oven_(125wiki).jpg,https://upload.wikimedia.org/wikipedia/commons/thumb/2/27/Control_panel_on_an_open_microwave_oven_%28125wiki%29.jpg/960px-Control_panel_on_an_open_microwave_oven_%28125wiki%29.jpg,https://upload.wikimedia.org/wikipedia/commons/2/27/Control_panel_on_an_open_microwave_oven_%28125wiki%29.jpg,06ace591cbbcb145ee036420d6395a920c1dcdd4,image/jpeg,6473,8091,CC BY-SA 4.0,https://creativecommons.org/licenses/by-sa/4.0,Easysayg,Own work,microwave oven,weak-label-needs-review
wikimedia-pilot-v0.1,hybrid,microwave_oven,train,Wikimedia Commons,File:Husqvarna Cupol microwave oven.jpg,https://commons.wikimedia.org/wiki/File:Husqvarna_Cupol_microwave_oven.jpg,https://upload.wikimedia.org/wikipedia/commons/thumb/8/87/Husqvarna_Cupol_microwave_oven.jpg/960px-Husqvarna_Cupol_microwave_oven.jpg,https://upload.wikimedia.org/wikipedia/commons/8/87/Husqvarna_Cupol_microwave_oven.jpg,aa29bf7ab231c1fbca3c89a61cc6515ef14710d3,image/jpeg,3723,2628,CC BY-SA 4.0,https://creativecommons.org/licenses/by-sa/4.0,Peter Häll,https://digitaltmuseum.se/021026362245/mikrovagsugn,microwave oven,weak-label-needs-review
wikimedia-pilot-v0.1,hybrid,microwave_oven,train,Wikimedia Commons,File:Ikea Sektion Microwave Oven Installation 01.jpg,https://commons.wikimedia.org/wiki/File:Ikea_Sektion_Microwave_Oven_Installation_01.jpg,https://upload.wikimedia.org/wikipedia/commons/thumb/9/99/Ikea_Sektion_Microwave_Oven_Installation_01.jpg/960px-Ikea_Sektion_Microwave_Oven_Installation_01.jpg,https://upload.wikimedia.org/wikipedia/commons/9/99/Ikea_Sektion_Microwave_Oven_Installation_01.jpg,03ba3130791241f20897addb0b25cb16e4f4e418,image/jpeg,1600,1200,CC BY-SA 4.0,https://creativecommons.org/licenses/by-sa/4.0,Stilfehler,Own work,microwave oven,weak-label-needs-review
wikimedia-pilot-v0.1,hybrid,microwave_oven,train,Wikimedia Commons,File:Inside a used microwave oven with grill – 360° panorama.jpg,https://commons.wikimedia.org/wiki/File:Inside_a_used_microwave_oven_with_grill_%E2%80%93_360%C2%B0_panorama.jpg,https://upload.wikimedia.org/wikipedia/commons/thumb/3/3e/Inside_a_used_microwave_oven_with_grill_%E2%80%93_360%C2%B0_panorama.jpg/960px-Inside_a_used_microwave_oven_with_grill_%E2%80%93_360%C2%B0_panorama.jpg,https://upload.wikimedia.org/wikipedia/commons/3/3e/Inside_a_used_microwave_oven_with_grill_%E2%80%93_360%C2%B0_panorama.jpg,8ae71524a26bed527b8b9dc5dc2792547162fc82,image/jpeg,5376,2688,CC BY-SA 4.0,https://creativecommons.org/licenses/by-sa/4.0,Maximilian Schönherr,Own work,microwave oven,weak-label-needs-review
wikimedia-pilot-v0.1,hybrid,microwave_oven,train,Wikimedia Commons,File:Kitchen island embedded microwave.jpg,https://commons.wikimedia.org/wiki/File:Kitchen_island_embedded_microwave.jpg,https://upload.wikimedia.org/wikipedia/commons/thumb/2/27/Kitchen_island_embedded_microwave.jpg/960px-Kitchen_island_embedded_microwave.jpg,https://upload.wikimedia.org/wikipedia/commons/2/27/Kitchen_island_embedded_microwave.jpg,7a446937ae13719b9d10e67ab8954da41c12b357,image/jpeg,4160,3120,CC BY-SA 4.0,https://creativecommons.org/licenses/by-sa/4.0,Sonny doe,Own work,microwave oven,weak-label-needs-review
wikimedia-pilot-v0.1,hybrid,microwave_oven,train,Wikimedia Commons,File:Kuchenmeister.jpg,https://commons.wikimedia.org/wiki/File:Kuchenmeister.jpg,https://upload.wikimedia.org/wikipedia/commons/thumb/1/1e/Kuchenmeister.jpg/960px-Kuchenmeister.jpg,https://upload.wikimedia.org/wikipedia/commons/1/1e/Kuchenmeister.jpg,73654f557bc1948b003b01c23932271e8ffbe758,image/jpeg,3819,2162,CC BY-SA 4.0,https://creativecommons.org/licenses/by-sa/4.0,Dibko,Own work,microwave oven,weak-label-needs-review
wikimedia-pilot-v0.1,hybrid,multifunction_printer,train,Wikimedia Commons,"File:2023-05-26 Printer, University of Nottingham Ningbo China.jpg","https://commons.wikimedia.org/wiki/File:2023-05-26_Printer,_University_of_Nottingham_Ningbo_China.jpg",https://upload.wikimedia.org/wikipedia/commons/thumb/0/01/2023-05-26_Printer%2C_University_of_Nottingham_Ningbo_China.jpg/960px-2023-05-26_Printer%2C_University_of_Nottingham_Ningbo_China.jpg,https://upload.wikimedia.org/wikipedia/commons/0/01/2023-05-26_Printer%2C_University_of_Nottingham_Ningbo_China.jpg,4b4a574ec7831364d22eae10c0d39cf2824d62f2,image/jpeg,3024,4032,CC BY-SA 4.0,https://creativecommons.org/licenses/by-sa/4.0,源義信,Own work,multifunction printer,weak-label-needs-review
wikimedia-pilot-v0.1,hybrid,multifunction_printer,train,Wikimedia Commons,File:3 photo 2021-09-06 16-54-11.jpg,https://commons.wikimedia.org/wiki/File:3_photo_2021-09-06_16-54-11.jpg,https://upload.wikimedia.org/wikipedia/commons/c/c3/3_photo_2021-09-06_16-54-11.jpg,https://upload.wikimedia.org/wikipedia/commons/c/c3/3_photo_2021-09-06_16-54-11.jpg,8a5b9ff306906609f037ba651d10f09047e02e16,image/jpeg,486,728,CC BY-SA 4.0,https://creativecommons.org/licenses/by-sa/4.0,Znaya,Own work,multifunction printer,weak-label-needs-review
wikimedia-pilot-v0.1,hybrid,multifunction_printer,train,Wikimedia Commons,File:All In One Printer.jpg,https://commons.wikimedia.org/wiki/File:All_In_One_Printer.jpg,https://upload.wikimedia.org/wikipedia/commons/2/2b/All_In_One_Printer.jpg,https://upload.wikimedia.org/wikipedia/commons/2/2b/All_In_One_Printer.jpg,984704468737500e3a32a9809d9d09306e86c0d2,image/jpeg,780,1040,CC BY-SA 4.0,https://creativecommons.org/licenses/by-sa/4.0,कल्याणी कोतकर,Own work,multifunction printer,weak-label-needs-review
wikimedia-pilot-v0.1,hybrid,multifunction_printer,train,Wikimedia Commons,File:Averatec All In One Post Screen.jpg,https://commons.wikimedia.org/wiki/File:Averatec_All_In_One_Post_Screen.jpg,https://upload.wikimedia.org/wikipedia/commons/thumb/d/d3/Averatec_All_In_One_Post_Screen.jpg/960px-Averatec_All_In_One_Post_Screen.jpg,https://upload.wikimedia.org/wikipedia/commons/d/d3/Averatec_All_In_One_Post_Screen.jpg,b6fa8c1167223b542282eec896b20513271d377c,image/jpeg,4032,3024,CC BY-SA 4.0,https://creativecommons.org/licenses/by-sa/4.0,Woahg,Own work,multifunction printer,weak-label-needs-review
wikimedia-pilot-v0.1,hybrid,multifunction_printer,train,Wikimedia Commons,File:Best ink tank printer 3093021726.jpg,https://commons.wikimedia.org/wiki/File:Best_ink_tank_printer_3093021726.jpg,https://upload.wikimedia.org/wikipedia/commons/thumb/a/a1/Best_ink_tank_printer_3093021726.jpg/960px-Best_ink_tank_printer_3093021726.jpg,https://upload.wikimedia.org/wikipedia/commons/a/a1/Best_ink_tank_printer_3093021726.jpg,a75d5bfacea48879d48d548f2d9b225b431da8f6,image/jpeg,991,1024,CC BY-SA 4.0,https://creativecommons.org/licenses/by-sa/4.0,Fhuity,best ink tank printer,multifunction printer,weak-label-needs-review
wikimedia-pilot-v0.1,hybrid,multifunction_printer,train,Wikimedia Commons,File:Brother DCP-115C-1471.jpg,https://commons.wikimedia.org/wiki/File:Brother_DCP-115C-1471.jpg,https://upload.wikimedia.org/wikipedia/commons/thumb/9/9e/Brother_DCP-115C-1471.jpg/960px-Brother_DCP-115C-1471.jpg,https://upload.wikimedia.org/wikipedia/commons/9/9e/Brother_DCP-115C-1471.jpg,2626a7361db49e509a1808befb6322ba2cebe0e2,image/jpeg,4539,2553,CC BY-SA 4.0,https://creativecommons.org/licenses/by-sa/4.0,Raimond Spekking,Own work,multifunction printer,weak-label-needs-review
wikimedia-pilot-v0.1,hybrid,multifunction_printer,train,Wikimedia Commons,File:Canon imageRUNNER ADVANCE DX C5860 Color Laser Multifunction Printer & Canon imageRUNNER ADVANCE DX C7770 Color Laser Multifunction Printer.jpg,https://commons.wikimedia.org/wiki/File:Canon_imageRUNNER_ADVANCE_DX_C5860_Color_Laser_Multifunction_Printer_%26_Canon_imageRUNNER_ADVANCE_DX_C7770_Color_Laser_Multifunction_Printer.jpg,https://upload.wikimedia.org/wikipedia/commons/thumb/f/fc/Canon_imageRUNNER_ADVANCE_DX_C5860_Color_Laser_Multifunction_Printer_%26_Canon_imageRUNNER_ADVANCE_DX_C7770_Color_Laser_Multifunction_Printer.jpg/960px-Canon_imageRUNNER_ADVANCE_DX_C5860_Color_Laser_Multifunction_Printer_%26_Canon_imageRUNNER_ADVANCE_DX_C7770_Color_Laser_Multifunction_Printer.jpg,https://upload.wikimedia.org/wikipedia/commons/f/fc/Canon_imageRUNNER_ADVANCE_DX_C5860_Color_Laser_Multifunction_Printer_%26_Canon_imageRUNNER_ADVANCE_DX_C7770_Color_Laser_Multifunction_Printer.jpg,5aa8e12794946181f059806c17060c12e01276c8,image/jpeg,8138,4079,CC BY-SA 4.0,https://creativecommons.org/licenses/by-sa/4.0,Dinkun Chen,Own work,multifunction printer,weak-label-needs-review
wikimedia-pilot-v0.1,hybrid,multifunction_printer,train,Wikimedia Commons,File:Canon MAXIFY GX 6080 Multifunction ink-jet Printer.jpg,https://commons.wikimedia.org/wiki/File:Canon_MAXIFY_GX_6080_Multifunction_ink-jet_Printer.jpg,https://upload.wikimedia.org/wikipedia/commons/thumb/f/fe/Canon_MAXIFY_GX_6080_Multifunction_ink-jet_Printer.jpg/960px-Canon_MAXIFY_GX_6080_Multifunction_ink-jet_Printer.jpg,https://upload.wikimedia.org/wikipedia/commons/f/fe/Canon_MAXIFY_GX_6080_Multifunction_ink-jet_Printer.jpg,d9ab697861fb94f866b05553d533369de47ff21b,image/jpeg,6633,4618,CC BY-SA 4.0,https://creativecommons.org/licenses/by-sa/4.0,Dinkun Chen,Own work,multifunction printer,weak-label-needs-review
wikimedia-pilot-v0.1,hybrid,stereo_system,train,Wikimedia Commons,File:AIWA CSD-ES100 Compact Disc Stereo Radio Cassette Recorder (cropped).jpg,https://commons.wikimedia.org/wiki/File:AIWA_CSD-ES100_Compact_Disc_Stereo_Radio_Cassette_Recorder_(cropped).jpg,https://upload.wikimedia.org/wikipedia/commons/thumb/e/e6/AIWA_CSD-ES100_Compact_Disc_Stereo_Radio_Cassette_Recorder_%28cropped%29.jpg/960px-AIWA_CSD-ES100_Compact_Disc_Stereo_Radio_Cassette_Recorder_%28cropped%29.jpg,https://upload.wikimedia.org/wikipedia/commons/e/e6/AIWA_CSD-ES100_Compact_Disc_Stereo_Radio_Cassette_Recorder_%28cropped%29.jpg,2828357f021762e4b1319672759c8adcd8edb124,image/jpeg,1250,990,CC BY 3.0,https://creativecommons.org/licenses/by/3.0,Andrevruas,Own work,stereo CD player,weak-label-needs-review
wikimedia-pilot-v0.1,hybrid,stereo_system,train,Wikimedia Commons,File:AIWA CSD-ES100 Compact Disc Stereo Radio Cassette Recorder.jpg,https://commons.wikimedia.org/wiki/File:AIWA_CSD-ES100_Compact_Disc_Stereo_Radio_Cassette_Recorder.jpg,https://upload.wikimedia.org/wikipedia/commons/thumb/c/c3/AIWA_CSD-ES100_Compact_Disc_Stereo_Radio_Cassette_Recorder.jpg/960px-AIWA_CSD-ES100_Compact_Disc_Stereo_Radio_Cassette_Recorder.jpg,https://upload.wikimedia.org/wikipedia/commons/c/c3/AIWA_CSD-ES100_Compact_Disc_Stereo_Radio_Cassette_Recorder.jpg,b52ff58860344714fa292a5f3042d95b4af0f5e6,image/jpeg,2048,1536,CC BY 3.0,https://creativecommons.org/licenses/by/3.0,Andrevruas,Own work,stereo CD player,weak-label-needs-review
wikimedia-pilot-v0.1,hybrid,stereo_system,train,Wikimedia Commons,"File:AKAI CE2300 - AM-FM CD Stereo Boombox - angled right, white background.jpg","https://commons.wikimedia.org/wiki/File:AKAI_CE2300_-_AM-FM_CD_Stereo_Boombox_-_angled_right,_white_background.jpg",https://upload.wikimedia.org/wikipedia/commons/thumb/0/04/AKAI_CE2300_-_AM-FM_CD_Stereo_Boombox_-_angled_right%2C_white_background.jpg/960px-AKAI_CE2300_-_AM-FM_CD_Stereo_Boombox_-_angled_right%2C_white_background.jpg,https://upload.wikimedia.org/wikipedia/commons/0/04/AKAI_CE2300_-_AM-FM_CD_Stereo_Boombox_-_angled_right%2C_white_background.jpg,4edbb582a4552dc6aa3adff9a72a9f972da8c9f4,image/jpeg,2114,1400,CC BY 2.0,https://creativecommons.org/licenses/by/2.0,"James Case from Philadelphia, Mississippi, U.S.A.",Akai CE2300,stereo CD player,weak-label-needs-review
wikimedia-pilot-v0.1,hybrid,stereo_system,train,Wikimedia Commons,File:AKAI CE2300 - AM-FM CD Stereo Boombox Made in China - angled right (2014-06-04 by James Case).jpg,https://commons.wikimedia.org/wiki/File:AKAI_CE2300_-_AM-FM_CD_Stereo_Boombox_Made_in_China_-_angled_right_(2014-06-04_by_James_Case).jpg,https://upload.wikimedia.org/wikipedia/commons/thumb/5/56/AKAI_CE2300_-_AM-FM_CD_Stereo_Boombox_Made_in_China_-_angled_right_%282014-06-04_by_James_Case%29.jpg/960px-AKAI_CE2300_-_AM-FM_CD_Stereo_Boombox_Made_in_China_-_angled_right_%282014-06-04_by_James_Case%29.jpg,https://upload.wikimedia.org/wikipedia/commons/5/56/AKAI_CE2300_-_AM-FM_CD_Stereo_Boombox_Made_in_China_-_angled_right_%282014-06-04_by_James_Case%29.jpg,54cf4dc30a2b01128c7af760c1d9fc40d4a6057c,image/jpeg,2114,1400,CC BY 2.0,https://creativecommons.org/licenses/by/2.0,"James Case from Philadelphia, Mississippi, U.S.A.",Akai CE2300,stereo CD player,weak-label-needs-review
wikimedia-pilot-v0.1,hybrid,stereo_system,train,Wikimedia Commons,"File:Akai component stereo system, 1979 (edited, white background).jpg","https://commons.wikimedia.org/wiki/File:Akai_component_stereo_system,_1979_(edited,_white_background).jpg",https://upload.wikimedia.org/wikipedia/commons/d/dc/Akai_component_stereo_system%2C_1979_%28edited%2C_white_background%29.jpg,https://upload.wikimedia.org/wikipedia/commons/d/dc/Akai_component_stereo_system%2C_1979_%28edited%2C_white_background%29.jpg,64189ccdc6edc53dd9e3be4659ce9b432b798b81,image/jpeg,700,700,Public domain,,Mofsound at English Wikipedia,Transferred from en.wikipedia to Commons by Andreworkney .,stereo CD player,weak-label-needs-review
wikimedia-pilot-v0.1,hybrid,stereo_system,train,Wikimedia Commons,File:AKAI stack (cropped).jpg,https://commons.wikimedia.org/wiki/File:AKAI_stack_(cropped).jpg,https://upload.wikimedia.org/wikipedia/commons/thumb/8/89/AKAI_stack_%28cropped%29.jpg/960px-AKAI_stack_%28cropped%29.jpg,https://upload.wikimedia.org/wikipedia/commons/8/89/AKAI_stack_%28cropped%29.jpg,cacd78c2cd2b0f58ae0bc10b4c9acd9ed547adfb,image/jpeg,1363,1308,Public domain,,Alexgroza,my AKAI stack of vintage machines,stereo CD player,weak-label-needs-review
wikimedia-pilot-v0.1,hybrid,stereo_system,train,Wikimedia Commons,File:Arcam Delta 70.3 CD Player - Analogue Outputs (8648383862).jpg,https://commons.wikimedia.org/wiki/File:Arcam_Delta_70.3_CD_Player_-_Analogue_Outputs_(8648383862).jpg,https://upload.wikimedia.org/wikipedia/commons/thumb/0/0a/Arcam_Delta_70.3_CD_Player_-_Analogue_Outputs_%288648383862%29.jpg/960px-Arcam_Delta_70.3_CD_Player_-_Analogue_Outputs_%288648383862%29.jpg,https://upload.wikimedia.org/wikipedia/commons/0/0a/Arcam_Delta_70.3_CD_Player_-_Analogue_Outputs_%288648383862%29.jpg,1e248dbd0de5ff12d598576c49d0093f296fe28c,image/jpeg,1600,1200,CC BY 2.0,https://creativecommons.org/licenses/by/2.0,"Jacques from Cape Town, South Africa",Arcam Delta 70.3 CD Player - Analogue Outputs,stereo CD player,weak-label-needs-review
wikimedia-pilot-v0.1,hybrid,stereo_system,train,Wikimedia Commons,File:Before-and-after comparison of photo retouche on image of rear of Yamaha CD-555.jpg,https://commons.wikimedia.org/wiki/File:Before-and-after_comparison_of_photo_retouche_on_image_of_rear_of_Yamaha_CD-555.jpg,https://upload.wikimedia.org/wikipedia/commons/thumb/a/ac/Before-and-after_comparison_of_photo_retouche_on_image_of_rear_of_Yamaha_CD-555.jpg/960px-Before-and-after_comparison_of_photo_retouche_on_image_of_rear_of_Yamaha_CD-555.jpg,https://upload.wikimedia.org/wikipedia/commons/a/ac/Before-and-after_comparison_of_photo_retouche_on_image_of_rear_of_Yamaha_CD-555.jpg,c9b6836f3b463f389a541e66f096be3d33af24c4,image/jpeg,1437,1466,CC BY 2.0,https://creativecommons.org/licenses/by/2.0,Leo-setä,originally posted to Flickr as Rear panel,stereo CD player,weak-label-needs-review
wikimedia-pilot-v0.1,hybrid,car_dashboard,validation,Wikimedia Commons,"File:003 Car dashboard manufacturing process - Opel car factory in Gliwice, Poland.jpg","https://commons.wikimedia.org/wiki/File:003_Car_dashboard_manufacturing_process_-_Opel_car_factory_in_Gliwice,_Poland.jpg",https://upload.wikimedia.org/wikipedia/commons/thumb/d/d2/003_Car_dashboard_manufacturing_process_-_Opel_car_factory_in_Gliwice%2C_Poland.jpg/960px-003_Car_dashboard_manufacturing_process_-_Opel_car_factory_in_Gliwice%2C_Poland.jpg,https://upload.wikimedia.org/wikipedia/commons/d/d2/003_Car_dashboard_manufacturing_process_-_Opel_car_factory_in_Gliwice%2C_Poland.jpg,17c526f80a512f2c47d2bd4f6216d935b2f1fd1e,image/jpeg,4517,3011,CC BY 3.0,https://creativecommons.org/licenses/by/3.0,Marek Ślusarczyk ( Tupungato ) Photo portfolio,Own work,car dashboard,weak-label-needs-review
wikimedia-pilot-v0.1,hybrid,car_dashboard,validation,Wikimedia Commons,File:1964 Honda Race Car dashboard (20849400968).jpg,https://commons.wikimedia.org/wiki/File:1964_Honda_Race_Car_dashboard_(20849400968).jpg,https://upload.wikimedia.org/wikipedia/commons/thumb/f/f4/1964_Honda_Race_Car_dashboard_%2820849400968%29.jpg/960px-1964_Honda_Race_Car_dashboard_%2820849400968%29.jpg,https://upload.wikimedia.org/wikipedia/commons/f/f4/1964_Honda_Race_Car_dashboard_%2820849400968%29.jpg,0847617520243cf2e10c4475d1cdf85c3da96ded,image/jpeg,2592,1944,CC BY-SA 2.0,https://creativecommons.org/licenses/by-sa/2.0,Zytonits,1964 Honda Race Car dashboard,car dashboard,weak-label-needs-review
wikimedia-pilot-v0.1,hybrid,car_dashboard,validation,Wikimedia Commons,File:2008 Maruti Suzuki Alto Dashboard 02.jpg,https://commons.wikimedia.org/wiki/File:2008_Maruti_Suzuki_Alto_Dashboard_02.jpg,https://upload.wikimedia.org/wikipedia/commons/thumb/9/9b/2008_Maruti_Suzuki_Alto_Dashboard_02.jpg/960px-2008_Maruti_Suzuki_Alto_Dashboard_02.jpg,https://upload.wikimedia.org/wikipedia/commons/9/9b/2008_Maruti_Suzuki_Alto_Dashboard_02.jpg,70f9cce9f39ed15283c2cb5d09658188105a7f17,image/jpeg,1280,722,CC BY 3.0,https://creativecommons.org/licenses/by/3.0,Vjdeep,Own work,car dashboard,weak-label-needs-review
wikimedia-pilot-v0.1,hybrid,car_dashboard,validation,Wikimedia Commons,File:2016 yzf-r125 lcd instrument.jpg,https://commons.wikimedia.org/wiki/File:2016_yzf-r125_lcd_instrument.jpg,https://upload.wikimedia.org/wikipedia/commons/thumb/9/98/2016_yzf-r125_lcd_instrument.jpg/960px-2016_yzf-r125_lcd_instrument.jpg,https://upload.wikimedia.org/wikipedia/commons/9/98/2016_yzf-r125_lcd_instrument.jpg,92fff83319d313a31fdaf47bd2c3f3227ff2bab1,image/jpeg,1280,719,CC BY-SA 4.0,https://creativecommons.org/licenses/by-sa/4.0,Just486,Own work,car dashboard,weak-label-needs-review
wikimedia-pilot-v0.1,hybrid,car_dashboard,validation,Wikimedia Commons,File:2023 Chrysler Voyager Driver Dashboard.jpg,https://commons.wikimedia.org/wiki/File:2023_Chrysler_Voyager_Driver_Dashboard.jpg,https://upload.wikimedia.org/wikipedia/commons/thumb/c/cf/2023_Chrysler_Voyager_Driver_Dashboard.jpg/960px-2023_Chrysler_Voyager_Driver_Dashboard.jpg,https://upload.wikimedia.org/wikipedia/commons/c/cf/2023_Chrysler_Voyager_Driver_Dashboard.jpg,602a82f7c09299ac36705bcae0b4861bba64a6eb,image/jpeg,3984,2656,CC BY-SA 4.0,https://creativecommons.org/licenses/by-sa/4.0,Andrepoiy,Own work,car dashboard,weak-label-needs-review
wikimedia-pilot-v0.1,hybrid,car_dashboard,validation,Wikimedia Commons,File:2023 Chrysler Voyager Front Interior.jpg,https://commons.wikimedia.org/wiki/File:2023_Chrysler_Voyager_Front_Interior.jpg,https://upload.wikimedia.org/wikipedia/commons/thumb/e/e4/2023_Chrysler_Voyager_Front_Interior.jpg/960px-2023_Chrysler_Voyager_Front_Interior.jpg,https://upload.wikimedia.org/wikipedia/commons/e/e4/2023_Chrysler_Voyager_Front_Interior.jpg,e28b7bb714e7b729351af8f82ee1667e4154f6fb,image/jpeg,3984,2656,CC BY-SA 4.0,https://creativecommons.org/licenses/by-sa/4.0,Andrepoiy,Own work,car dashboard,weak-label-needs-review
wikimedia-pilot-v0.1,hybrid,car_dashboard,validation,Wikimedia Commons,File:Aircraft instrument panels Volandia 2024 (01).jpg,https://commons.wikimedia.org/wiki/File:Aircraft_instrument_panels_Volandia_2024_(01).jpg,https://upload.wikimedia.org/wikipedia/commons/thumb/3/37/Aircraft_instrument_panels_Volandia_2024_%2801%29.jpg/960px-Aircraft_instrument_panels_Volandia_2024_%2801%29.jpg,https://upload.wikimedia.org/wikipedia/commons/3/37/Aircraft_instrument_panels_Volandia_2024_%2801%29.jpg,627ad5b56c7f314e1d66cac2d6712d25fa34e2f7,image/jpeg,5844,3902,CC BY-SA 4.0,https://creativecommons.org/licenses/by-sa/4.0,Bahnfrend,Own work,car dashboard,weak-label-needs-review
wikimedia-pilot-v0.1,hybrid,car_dashboard,validation,Wikimedia Commons,File:Alcedo atthis - Riserve naturali e aree contigue della fascia fluviale del Po.jpg,https://commons.wikimedia.org/wiki/File:Alcedo_atthis_-_Riserve_naturali_e_aree_contigue_della_fascia_fluviale_del_Po.jpg,https://upload.wikimedia.org/wikipedia/commons/thumb/0/01/Alcedo_atthis_-_Riserve_naturali_e_aree_contigue_della_fascia_fluviale_del_Po.jpg/960px-Alcedo_atthis_-_Riserve_naturali_e_aree_contigue_della_fascia_fluviale_del_Po.jpg,https://upload.wikimedia.org/wikipedia/commons/0/01/Alcedo_atthis_-_Riserve_naturali_e_aree_contigue_della_fascia_fluviale_del_Po.jpg,a94103d327715341d78365ff40a0ac226db1005c,image/jpeg,2819,1879,CC BY-SA 4.0,https://creativecommons.org/licenses/by-sa/4.0,Luca Casale,Own work,car dashboard,weak-label-needs-review
wikimedia-pilot-v0.1,hybrid,computerized_sewing_machine,test,Wikimedia Commons,File:A sewing machine.jpg,https://commons.wikimedia.org/wiki/File:A_sewing_machine.jpg,https://upload.wikimedia.org/wikipedia/commons/thumb/6/6f/A_sewing_machine.jpg/960px-A_sewing_machine.jpg,https://upload.wikimedia.org/wikipedia/commons/6/6f/A_sewing_machine.jpg,2202a2d7552526f4db35e5f54ad83e8a6fffc79f,image/jpeg,2448,3264,CC BY-SA 4.0,https://creativecommons.org/licenses/by-sa/4.0,Jalamcy2023,Own work,electronic sewing machine,weak-label-needs-review
wikimedia-pilot-v0.1,hybrid,computerized_sewing_machine,test,Wikimedia Commons,File:Modern Sewing Machine (15453886961).jpg,https://commons.wikimedia.org/wiki/File:Modern_Sewing_Machine_(15453886961).jpg,https://upload.wikimedia.org/wikipedia/commons/thumb/5/59/Modern_Sewing_Machine_%2815453886961%29.jpg/960px-Modern_Sewing_Machine_%2815453886961%29.jpg,https://upload.wikimedia.org/wikipedia/commons/5/59/Modern_Sewing_Machine_%2815453886961%29.jpg,50a272df4b6f5ffa55663ef89844021c96394220,image/jpeg,2592,1944,CC BY 2.0,https://creativecommons.org/licenses/by/2.0,I G,Modern Sewing Machine,electronic sewing machine,weak-label-needs-review
wikimedia-pilot-v0.1,hybrid,computerized_sewing_machine,test,Wikimedia Commons,File:Sewing at Raumfahrtagentur (15270419148).jpg,https://commons.wikimedia.org/wiki/File:Sewing_at_Raumfahrtagentur_(15270419148).jpg,https://upload.wikimedia.org/wikipedia/commons/thumb/9/90/Sewing_at_Raumfahrtagentur_%2815270419148%29.jpg/960px-Sewing_at_Raumfahrtagentur_%2815270419148%29.jpg,https://upload.wikimedia.org/wikipedia/commons/9/90/Sewing_at_Raumfahrtagentur_%2815270419148%29.jpg,7b5a5938cf584afd49ae7c77bcdd9e88492a4558,image/jpeg,2592,1944,CC BY 2.0,https://creativecommons.org/licenses/by/2.0,I G,Sewing at Raumfahrtagentur,electronic sewing machine,weak-label-needs-review
wikimedia-pilot-v0.1,hybrid,computerized_sewing_machine,test,Wikimedia Commons,File:Sewing Machine and Hands at Raumfahrtagentur (15456691332).jpg,https://commons.wikimedia.org/wiki/File:Sewing_Machine_and_Hands_at_Raumfahrtagentur_(15456691332).jpg,https://upload.wikimedia.org/wikipedia/commons/thumb/4/46/Sewing_Machine_and_Hands_at_Raumfahrtagentur_%2815456691332%29.jpg/960px-Sewing_Machine_and_Hands_at_Raumfahrtagentur_%2815456691332%29.jpg,https://upload.wikimedia.org/wikipedia/commons/4/46/Sewing_Machine_and_Hands_at_Raumfahrtagentur_%2815456691332%29.jpg,050a1d935f9b10b77af5695dddc9c94c13c778c5,image/jpeg,2592,1944,CC BY 2.0,https://creativecommons.org/licenses/by/2.0,I G,Sewing Machine and Hands at Raumfahrtagentur,electronic sewing machine,weak-label-needs-review
wikimedia-pilot-v0.1,hybrid,computerized_sewing_machine,test,Wikimedia Commons,File:The National Archives UK - CO 1069-20-1.jpg,https://commons.wikimedia.org/wiki/File:The_National_Archives_UK_-_CO_1069-20-1.jpg,https://upload.wikimedia.org/wikipedia/commons/a/a5/The_National_Archives_UK_-_CO_1069-20-1.jpg,https://upload.wikimedia.org/wikipedia/commons/a/a5/The_National_Archives_UK_-_CO_1069-20-1.jpg,43dfe27ad10e36c22714d375c68f25a3aec4d780,image/jpeg,676,545,OGL v1.0,http://NationalArchives.gov.uk/doc/open-government-licence/version/1/,The National Archives UK - Flickr account,"This file is from the collections of The National Archives (United Kingdom) , catalogued under document record CO1069/20 . For high quality reproductions of any item from The National Archives collection please contact the image library .",electronic sewing machine,weak-label-needs-review
wikimedia-pilot-v0.1,hybrid,computerized_sewing_machine,test,Wikimedia Commons,"File:Wheeler & Wilson Sewing Machines, W. F. Lederer, circa 1890s - Valparaiso, Indiana (52742123984).jpg","https://commons.wikimedia.org/wiki/File:Wheeler_%26_Wilson_Sewing_Machines,_W._F._Lederer,_circa_1890s_-_Valparaiso,_Indiana_(52742123984).jpg",https://upload.wikimedia.org/wikipedia/commons/thumb/c/c1/Wheeler_%26_Wilson_Sewing_Machines%2C_W._F._Lederer%2C_circa_1890s_-_Valparaiso%2C_Indiana_%2852742123984%29.jpg/960px-Wheeler_%26_Wilson_Sewing_Machines%2C_W._F._Lederer%2C_circa_1890s_-_Valparaiso%2C_Indiana_%2852742123984%29.jpg,https://upload.wikimedia.org/wikipedia/commons/c/c1/Wheeler_%26_Wilson_Sewing_Machines%2C_W._F._Lederer%2C_circa_1890s_-_Valparaiso%2C_Indiana_%2852742123984%29.jpg,e5ac1d509b1fce35a6ce8ef66f9103103bcba764,image/jpeg,2115,1700,CC BY 2.0,https://creativecommons.org/licenses/by/2.0,"Steve Shook from Moscow, Idaho, USA","Wheeler &amp; Wilson Sewing Machines, W. F. Lederer, circa 1890s - Valparaiso, Indiana",electronic sewing machine,weak-label-needs-review
